-- --------------------------------------------------------
-- Host:                         127.0.0.1
-- Server version:               5.6.20 - MySQL Community Server (GPL)
-- Server OS:                    Win32
-- HeidiSQL Version:             8.0.0.4396
-- --------------------------------------------------------

/*!40101 SET @OLD_CHARACTER_SET_CLIENT=@@CHARACTER_SET_CLIENT */;
/*!40101 SET NAMES utf8 */;
/*!40014 SET @OLD_FOREIGN_KEY_CHECKS=@@FOREIGN_KEY_CHECKS, FOREIGN_KEY_CHECKS=0 */;
/*!40101 SET @OLD_SQL_MODE=@@SQL_MODE, SQL_MODE='NO_AUTO_VALUE_ON_ZERO' */;

-- Dumping database structure for pays
DROP DATABASE IF EXISTS `pays`;
CREATE DATABASE IF NOT EXISTS `pays` /*!40100 DEFAULT CHARACTER SET utf8 COLLATE utf8_spanish_ci */;
USE `pays`;


-- Dumping structure for table pays.company
DROP TABLE IF EXISTS `company`;
CREATE TABLE IF NOT EXISTS `company` (
  `idCompany` int(10) NOT NULL AUTO_INCREMENT,
  `name` varchar(50) COLLATE utf8_spanish_ci DEFAULT NULL,
  KEY `Índice 1` (`idCompany`)
) ENGINE=InnoDB AUTO_INCREMENT=8 DEFAULT CHARSET=utf8 COLLATE=utf8_spanish_ci;

-- Dumping data for table pays.company: ~6 rows (approximately)
DELETE FROM `company`;
/*!40000 ALTER TABLE `company` DISABLE KEYS */;
INSERT INTO `company` (`idCompany`, `name`) VALUES
	(1, 'Nevada'),
	(2, 'Garbarino'),
	(3, 'Musimundo'),
	(4, 'Frávega'),
	(5, 'Gastos Fijos'),
	(6, 'Ahorros'),
	(7, 'Naranja');
/*!40000 ALTER TABLE `company` ENABLE KEYS */;


-- Dumping structure for table pays.log
DROP TABLE IF EXISTS `log`;
CREATE TABLE IF NOT EXISTS `log` (
  `idLog` int(10) NOT NULL AUTO_INCREMENT,
  `level` int(10) DEFAULT NULL,
  `message` varchar(200) COLLATE utf8_spanish_ci DEFAULT NULL,
  `location` varchar(100) COLLATE utf8_spanish_ci DEFAULT NULL,
  `userId` int(10) DEFAULT NULL,
  `currentDate` datetime DEFAULT NULL,
  PRIMARY KEY (`idLog`)
) ENGINE=InnoDB AUTO_INCREMENT=1158 DEFAULT CHARSET=utf8 COLLATE=utf8_spanish_ci;

-- Dumping data for table pays.log: ~512 rows (approximately)
DELETE FROM `log`;
/*!40000 ALTER TABLE `log` DISABLE KEYS */;
INSERT INTO `log` (`idLog`, `level`, `message`, `location`, `userId`, `currentDate`) VALUES
	(621, 1, 'SELECT * FROM users WHERE idUser = \'11\' AND sessionid = \'cfca1ff75ecaa9ded2968055f0e6a8f2\'', 'Select', 0, '2014-12-21 21:59:57'),
	(622, 1, 'SELECT * FROM users WHERE user = \'erwin\'', 'Select', 0, '2014-12-21 22:00:11'),
	(623, 1, 'SELECT idUser, user, password FROM users WHERE user = \'erwin\' AND password = \'13d85714ac4f21ecda59310b6a11cb92\'', 'Select', 0, '2014-12-21 22:00:16'),
	(624, 1, 'UPDATE users SET  sessionid = \'ac80af2c53fb3353ae0d536b6954a264\' WHERE idUser = \'12\'', 'Update', 0, '2014-12-21 22:00:16'),
	(625, 1, 'SELECT * FROM users WHERE idUser = \'12\' AND sessionid = \'ac80af2c53fb3353ae0d536b6954a264\'', 'Select', 0, '2014-12-21 22:00:16'),
	(626, 1, 'select p.idPay, p.idProd, p.idResponsible, p.price, p.status, pr.description, co.name, re.name from pay p, product pr, company co, responsible re where p.idProd = pr.idProduct and pr.idCompany = co.id', 'Select', 0, '2014-12-21 22:00:16'),
	(627, 1, 'SELECT * FROM users WHERE idUser = \'12\' AND sessionid = \'ac80af2c53fb3353ae0d536b6954a264\'', 'Select', 0, '2014-12-21 22:00:44'),
	(628, 1, 'SELECT idCompany, name FROM company', 'Select', 0, '2014-12-21 22:00:44'),
	(629, 1, 'SELECT * FROM users WHERE idUser = \'12\' AND sessionid = \'ac80af2c53fb3353ae0d536b6954a264\'', 'Select', 0, '2014-12-21 22:00:44'),
	(630, 1, 'SELECT idResponsible, name FROM responsible WHERE idUser=\'12\'', 'Select', 0, '2014-12-21 22:00:44'),
	(631, 1, 'SELECT * FROM users WHERE idUser = \'12\' AND sessionid = \'ac80af2c53fb3353ae0d536b6954a264\'', 'Select', 0, '2014-12-21 22:01:07'),
	(632, 1, 'SELECT up.idUser, up.idPermission FROM  users u, permission p, users_permission up WHERE up.idUser = u.idUser AND up.idPermission = p.idPermission AND up.idUser = \'12\' AND up.idPermission = \'1\'', 'Select', 0, '2014-12-21 22:01:07'),
	(633, 1, 'SELECT * FROM company WHERE name = \'Gastos Fijos\'', 'Select', 0, '2014-12-21 22:01:07'),
	(634, 1, 'SELECT * FROM users WHERE idUser = \'12\' AND sessionid = \'ac80af2c53fb3353ae0d536b6954a264\'', 'Select', 0, '2014-12-21 22:01:09'),
	(635, 1, 'SELECT * FROM users WHERE idUser = \'12\' AND sessionid = \'ac80af2c53fb3353ae0d536b6954a264\'', 'Select', 0, '2014-12-21 22:01:09'),
	(636, 1, 'SELECT idCompany, name FROM company', 'Select', 0, '2014-12-21 22:01:09'),
	(637, 1, 'SELECT idResponsible, name FROM responsible WHERE idUser=\'12\'', 'Select', 0, '2014-12-21 22:01:09'),
	(638, 1, 'SELECT * FROM users WHERE idUser = \'12\' AND sessionid = \'ac80af2c53fb3353ae0d536b6954a264\'', 'Select', 0, '2014-12-21 22:02:35'),
	(639, 1, 'SELECT * FROM responsible WHERE name = \'YO\' AND idResponsible = \'13\'', 'Select', 0, '2014-12-21 22:02:35'),
	(640, 1, 'SELECT * FROM responsible WHERE name = \'YO\' AND idResponsible = \'13\'', 'Select', 0, '2014-12-21 22:02:35'),
	(641, 1, 'SELECT * FROM responsible WHERE name = \'YO\' AND idResponsible = \'13\'', 'Select', 0, '2014-12-21 22:02:35'),
	(642, 1, 'SELECT * FROM responsible WHERE name = \'YO\' AND idResponsible = \'13\'', 'Select', 0, '2014-12-21 22:02:36'),
	(643, 1, 'SELECT * FROM responsible WHERE name = \'YO\' AND idResponsible = \'13\'', 'Select', 0, '2014-12-21 22:02:36'),
	(644, 1, 'SELECT * FROM responsible WHERE name = \'YO\' AND idResponsible = \'13\'', 'Select', 0, '2014-12-21 22:02:36'),
	(645, 1, 'SELECT * FROM responsible WHERE name = \'YO\' AND idResponsible = \'13\'', 'Select', 0, '2014-12-21 22:02:36'),
	(646, 1, 'SELECT * FROM responsible WHERE name = \'YO\' AND idResponsible = \'13\'', 'Select', 0, '2014-12-21 22:02:36'),
	(647, 1, 'SELECT * FROM responsible WHERE name = \'YO\' AND idResponsible = \'13\'', 'Select', 0, '2014-12-21 22:02:36'),
	(648, 1, 'SELECT * FROM responsible WHERE name = \'YO\' AND idResponsible = \'13\'', 'Select', 0, '2014-12-21 22:02:36'),
	(649, 1, 'SELECT * FROM responsible WHERE name = \'YO\' AND idResponsible = \'13\'', 'Select', 0, '2014-12-21 22:02:36'),
	(650, 1, 'SELECT * FROM responsible WHERE name = \'YO\' AND idResponsible = \'13\'', 'Select', 0, '2014-12-21 22:02:37'),
	(651, 1, 'SELECT * FROM users WHERE idUser = \'12\' AND sessionid = \'ac80af2c53fb3353ae0d536b6954a264\'', 'Select', 0, '2014-12-21 22:03:20'),
	(652, 1, 'SELECT * FROM responsible WHERE name = \'YO\' AND idResponsible = \'13\'', 'Select', 0, '2014-12-21 22:03:20'),
	(653, 1, 'SELECT * FROM responsible WHERE name = \'YO\' AND idResponsible = \'13\'', 'Select', 0, '2014-12-21 22:03:21'),
	(654, 1, 'SELECT * FROM responsible WHERE name = \'YO\' AND idResponsible = \'13\'', 'Select', 0, '2014-12-21 22:03:21'),
	(655, 1, 'SELECT * FROM responsible WHERE name = \'YO\' AND idResponsible = \'13\'', 'Select', 0, '2014-12-21 22:03:21'),
	(656, 1, 'SELECT * FROM responsible WHERE name = \'YO\' AND idResponsible = \'13\'', 'Select', 0, '2014-12-21 22:03:21'),
	(657, 1, 'SELECT * FROM responsible WHERE name = \'YO\' AND idResponsible = \'13\'', 'Select', 0, '2014-12-21 22:03:21'),
	(658, 1, 'SELECT * FROM responsible WHERE name = \'YO\' AND idResponsible = \'13\'', 'Select', 0, '2014-12-21 22:03:21'),
	(659, 1, 'SELECT * FROM responsible WHERE name = \'YO\' AND idResponsible = \'13\'', 'Select', 0, '2014-12-21 22:03:21'),
	(660, 1, 'SELECT * FROM responsible WHERE name = \'YO\' AND idResponsible = \'13\'', 'Select', 0, '2014-12-21 22:03:22'),
	(661, 1, 'SELECT * FROM responsible WHERE name = \'YO\' AND idResponsible = \'13\'', 'Select', 0, '2014-12-21 22:03:22'),
	(662, 1, 'SELECT * FROM responsible WHERE name = \'YO\' AND idResponsible = \'13\'', 'Select', 0, '2014-12-21 22:03:22'),
	(663, 1, 'SELECT * FROM responsible WHERE name = \'YO\' AND idResponsible = \'13\'', 'Select', 0, '2014-12-21 22:03:22'),
	(664, 1, 'SELECT * FROM users WHERE idUser = \'12\' AND sessionid = \'ac80af2c53fb3353ae0d536b6954a264\'', 'Select', 0, '2014-12-21 22:03:24'),
	(665, 1, 'select p.idPay, p.idProd, p.idResponsible, p.price, p.status, pr.description, co.name, re.name from pay p, product pr, company co, responsible re where p.idProd = pr.idProduct and pr.idCompany = co.id', 'Select', 0, '2014-12-21 22:03:24'),
	(666, 1, 'SELECT * FROM users WHERE idUser = \'12\' AND sessionid = \'ac80af2c53fb3353ae0d536b6954a264\'', 'Select', 0, '2014-12-21 22:03:28'),
	(667, 1, 'select p.idPay, p.idProd, p.idResponsible, p.price, p.status, pr.description, co.name, re.name from pay p, product pr, company co, responsible re where p.idProd = pr.idProduct and pr.idCompany = co.id', 'Select', 0, '2014-12-21 22:03:29'),
	(668, 1, 'SELECT * FROM users WHERE idUser = \'12\' AND sessionid = \'ac80af2c53fb3353ae0d536b6954a264\'', 'Select', 0, '2014-12-21 22:03:30'),
	(669, 1, 'select p.idPay, p.idProd, p.idResponsible, p.price, p.status, pr.description, co.name, re.name from pay p, product pr, company co, responsible re where p.idProd = pr.idProduct and pr.idCompany = co.id', 'Select', 0, '2014-12-21 22:03:30'),
	(670, 1, 'SELECT * FROM users WHERE idUser = \'12\' AND sessionid = \'ac80af2c53fb3353ae0d536b6954a264\'', 'Select', 0, '2014-12-21 22:03:31'),
	(671, 1, 'select p.idPay, p.idProd, p.idResponsible, p.price, p.status, pr.description, co.name, re.name from pay p, product pr, company co, responsible re where p.idProd = pr.idProduct and pr.idCompany = co.id', 'Select', 0, '2014-12-21 22:03:31'),
	(672, 1, 'SELECT * FROM users WHERE idUser = \'12\' AND sessionid = \'ac80af2c53fb3353ae0d536b6954a264\'', 'Select', 0, '2014-12-21 22:03:31'),
	(673, 1, 'select p.idPay, p.idProd, p.idResponsible, p.price, p.status, pr.description, co.name, re.name from pay p, product pr, company co, responsible re where p.idProd = pr.idProduct and pr.idCompany = co.id', 'Select', 0, '2014-12-21 22:03:31'),
	(674, 1, 'SELECT * FROM users WHERE idUser = \'12\' AND sessionid = \'ac80af2c53fb3353ae0d536b6954a264\'', 'Select', 0, '2014-12-21 22:03:31'),
	(675, 1, 'select p.idPay, p.idProd, p.idResponsible, p.price, p.status, pr.description, co.name, re.name from pay p, product pr, company co, responsible re where p.idProd = pr.idProduct and pr.idCompany = co.id', 'Select', 0, '2014-12-21 22:03:31'),
	(676, 1, 'SELECT * FROM users WHERE idUser = \'12\' AND sessionid = \'ac80af2c53fb3353ae0d536b6954a264\'', 'Select', 0, '2014-12-21 22:03:31'),
	(677, 1, 'select p.idPay, p.idProd, p.idResponsible, p.price, p.status, pr.description, co.name, re.name from pay p, product pr, company co, responsible re where p.idProd = pr.idProduct and pr.idCompany = co.id', 'Select', 0, '2014-12-21 22:03:31'),
	(678, 1, 'SELECT * FROM users WHERE idUser = \'12\' AND sessionid = \'ac80af2c53fb3353ae0d536b6954a264\'', 'Select', 0, '2014-12-21 22:03:31'),
	(679, 1, 'select p.idPay, p.idProd, p.idResponsible, p.price, p.status, pr.description, co.name, re.name from pay p, product pr, company co, responsible re where p.idProd = pr.idProduct and pr.idCompany = co.id', 'Select', 0, '2014-12-21 22:03:32'),
	(680, 1, 'SELECT * FROM users WHERE idUser = \'12\' AND sessionid = \'ac80af2c53fb3353ae0d536b6954a264\'', 'Select', 0, '2014-12-21 22:03:32'),
	(681, 1, 'select p.idPay, p.idProd, p.idResponsible, p.price, p.status, pr.description, co.name, re.name from pay p, product pr, company co, responsible re where p.idProd = pr.idProduct and pr.idCompany = co.id', 'Select', 0, '2014-12-21 22:03:32'),
	(682, 1, 'SELECT * FROM users WHERE idUser = \'12\' AND sessionid = \'ac80af2c53fb3353ae0d536b6954a264\'', 'Select', 0, '2014-12-21 22:03:32'),
	(683, 1, 'select p.idPay, p.idProd, p.idResponsible, p.price, p.status, pr.description, co.name, re.name from pay p, product pr, company co, responsible re where p.idProd = pr.idProduct and pr.idCompany = co.id', 'Select', 0, '2014-12-21 22:03:32'),
	(684, 1, 'SELECT * FROM users WHERE idUser = \'12\' AND sessionid = \'ac80af2c53fb3353ae0d536b6954a264\'', 'Select', 0, '2014-12-21 22:03:32'),
	(685, 1, 'select p.idPay, p.idProd, p.idResponsible, p.price, p.status, pr.description, co.name, re.name from pay p, product pr, company co, responsible re where p.idProd = pr.idProduct and pr.idCompany = co.id', 'Select', 0, '2014-12-21 22:03:32'),
	(686, 1, 'SELECT * FROM users WHERE idUser = \'12\' AND sessionid = \'ac80af2c53fb3353ae0d536b6954a264\'', 'Select', 0, '2014-12-21 22:03:32'),
	(687, 1, 'select p.idPay, p.idProd, p.idResponsible, p.price, p.status, pr.description, co.name, re.name from pay p, product pr, company co, responsible re where p.idProd = pr.idProduct and pr.idCompany = co.id', 'Select', 0, '2014-12-21 22:03:32'),
	(688, 1, 'SELECT * FROM users WHERE idUser = \'12\' AND sessionid = \'ac80af2c53fb3353ae0d536b6954a264\'', 'Select', 0, '2014-12-21 22:03:33'),
	(689, 1, 'select p.idPay, p.idProd, p.idResponsible, p.price, p.status, pr.description, co.name, re.name from pay p, product pr, company co, responsible re where p.idProd = pr.idProduct and pr.idCompany = co.id', 'Select', 0, '2014-12-21 22:03:33'),
	(690, 1, 'SELECT * FROM users WHERE idUser = \'12\' AND sessionid = \'ac80af2c53fb3353ae0d536b6954a264\'', 'Select', 0, '2014-12-21 22:03:33'),
	(691, 1, 'select p.idPay, p.idProd, p.idResponsible, p.price, p.status, pr.description, co.name, re.name from pay p, product pr, company co, responsible re where p.idProd = pr.idProduct and pr.idCompany = co.id', 'Select', 0, '2014-12-21 22:03:33'),
	(692, 1, 'SELECT * FROM users WHERE idUser = \'12\' AND sessionid = \'ac80af2c53fb3353ae0d536b6954a264\'', 'Select', 0, '2014-12-21 22:03:33'),
	(693, 1, 'select p.idPay, p.idProd, p.idResponsible, p.price, p.status, pr.description, co.name, re.name from pay p, product pr, company co, responsible re where p.idProd = pr.idProduct and pr.idCompany = co.id', 'Select', 0, '2014-12-21 22:03:33'),
	(694, 1, 'SELECT * FROM users WHERE idUser = \'12\' AND sessionid = \'ac80af2c53fb3353ae0d536b6954a264\'', 'Select', 0, '2014-12-21 22:03:37'),
	(695, 1, 'select p.idPay, p.idProd, p.idResponsible, p.price, p.status, pr.description, co.name, re.name from pay p, product pr, company co, responsible re where p.idProd = pr.idProduct and pr.idCompany = co.id', 'Select', 0, '2014-12-21 22:03:37'),
	(696, 1, 'SELECT * FROM users WHERE idUser = \'12\' AND sessionid = \'ac80af2c53fb3353ae0d536b6954a264\'', 'Select', 0, '2014-12-21 22:03:37'),
	(697, 1, 'select p.idPay, p.idProd, p.idResponsible, p.price, p.status, pr.description, co.name, re.name from pay p, product pr, company co, responsible re where p.idProd = pr.idProduct and pr.idCompany = co.id', 'Select', 0, '2014-12-21 22:03:37'),
	(698, 1, 'SELECT * FROM users WHERE idUser = \'12\' AND sessionid = \'ac80af2c53fb3353ae0d536b6954a264\'', 'Select', 0, '2014-12-21 22:03:38'),
	(699, 1, 'select p.idPay, p.idProd, p.idResponsible, p.price, p.status, pr.description, co.name, re.name from pay p, product pr, company co, responsible re where p.idProd = pr.idProduct and pr.idCompany = co.id', 'Select', 0, '2014-12-21 22:03:38'),
	(700, 1, 'SELECT * FROM users WHERE idUser = \'12\' AND sessionid = \'ac80af2c53fb3353ae0d536b6954a264\'', 'Select', 0, '2014-12-21 22:03:38'),
	(701, 1, 'select p.idPay, p.idProd, p.idResponsible, p.price, p.status, pr.description, co.name, re.name from pay p, product pr, company co, responsible re where p.idProd = pr.idProduct and pr.idCompany = co.id', 'Select', 0, '2014-12-21 22:03:38'),
	(702, 1, 'SELECT * FROM users WHERE idUser = \'12\' AND sessionid = \'ac80af2c53fb3353ae0d536b6954a264\'', 'Select', 0, '2014-12-21 22:03:39'),
	(703, 1, 'select p.idPay, p.idProd, p.idResponsible, p.price, p.status, pr.description, co.name, re.name from pay p, product pr, company co, responsible re where p.idProd = pr.idProduct and pr.idCompany = co.id', 'Select', 0, '2014-12-21 22:03:39'),
	(704, 1, 'SELECT * FROM users WHERE idUser = \'12\' AND sessionid = \'ac80af2c53fb3353ae0d536b6954a264\'', 'Select', 0, '2014-12-21 22:04:16'),
	(705, 1, 'select p.idPay, p.idProd, p.idResponsible, p.price, p.status, pr.description, co.name, re.name from pay p, product pr, company co, responsible re where p.idProd = pr.idProduct and pr.idCompany = co.id', 'Select', 0, '2014-12-21 22:04:16'),
	(706, 1, 'SELECT * FROM users WHERE idUser = \'12\' AND sessionid = \'ac80af2c53fb3353ae0d536b6954a264\'', 'Select', 0, '2014-12-21 22:04:16'),
	(707, 1, 'select p.idPay, p.idProd, p.idResponsible, p.price, p.status, pr.description, co.name, re.name from pay p, product pr, company co, responsible re where p.idProd = pr.idProduct and pr.idCompany = co.id', 'Select', 0, '2014-12-21 22:04:16'),
	(708, 1, 'SELECT * FROM users WHERE idUser = \'12\' AND sessionid = \'ac80af2c53fb3353ae0d536b6954a264\'', 'Select', 0, '2014-12-21 22:04:17'),
	(709, 1, 'select p.idPay, p.idProd, p.idResponsible, p.price, p.status, pr.description, co.name, re.name from pay p, product pr, company co, responsible re where p.idProd = pr.idProduct and pr.idCompany = co.id', 'Select', 0, '2014-12-21 22:04:17'),
	(710, 1, 'SELECT * FROM users WHERE idUser = \'12\' AND sessionid = \'ac80af2c53fb3353ae0d536b6954a264\'', 'Select', 0, '2014-12-21 22:04:17'),
	(711, 1, 'select p.idPay, p.idProd, p.idResponsible, p.price, p.status, pr.description, co.name, re.name from pay p, product pr, company co, responsible re where p.idProd = pr.idProduct and pr.idCompany = co.id', 'Select', 0, '2014-12-21 22:04:17'),
	(712, 1, 'SELECT * FROM users WHERE idUser = \'12\' AND sessionid = \'ac80af2c53fb3353ae0d536b6954a264\'', 'Select', 0, '2014-12-21 22:04:17'),
	(713, 1, 'select p.idPay, p.idProd, p.idResponsible, p.price, p.status, pr.description, co.name, re.name from pay p, product pr, company co, responsible re where p.idProd = pr.idProduct and pr.idCompany = co.id', 'Select', 0, '2014-12-21 22:04:17'),
	(714, 1, 'SELECT * FROM users WHERE idUser = \'12\' AND sessionid = \'ac80af2c53fb3353ae0d536b6954a264\'', 'Select', 0, '2014-12-21 22:04:17'),
	(715, 1, 'select p.idPay, p.idProd, p.idResponsible, p.price, p.status, pr.description, co.name, re.name from pay p, product pr, company co, responsible re where p.idProd = pr.idProduct and pr.idCompany = co.id', 'Select', 0, '2014-12-21 22:04:17'),
	(716, 1, 'SELECT * FROM users WHERE idUser = \'12\' AND sessionid = \'ac80af2c53fb3353ae0d536b6954a264\'', 'Select', 0, '2014-12-21 22:04:18'),
	(717, 1, 'SELECT * FROM users WHERE idUser = \'12\' AND sessionid = \'ac80af2c53fb3353ae0d536b6954a264\'', 'Select', 0, '2014-12-21 22:04:18'),
	(718, 1, 'select p.idPay, p.idProd, p.idResponsible, p.price, p.status, pr.description, co.name, re.name from pay p, product pr, company co, responsible re where p.idProd = pr.idProduct and pr.idCompany = co.id', 'Select', 0, '2014-12-21 22:04:18'),
	(719, 1, 'select p.idPay, p.idProd, p.idResponsible, p.price, p.status, pr.description, co.name, re.name from pay p, product pr, company co, responsible re where p.idProd = pr.idProduct and pr.idCompany = co.id', 'Select', 0, '2014-12-21 22:04:18'),
	(720, 1, 'SELECT * FROM users WHERE idUser = \'12\' AND sessionid = \'ac80af2c53fb3353ae0d536b6954a264\'', 'Select', 0, '2014-12-21 22:04:18'),
	(721, 1, 'select p.idPay, p.idProd, p.idResponsible, p.price, p.status, pr.description, co.name, re.name from pay p, product pr, company co, responsible re where p.idProd = pr.idProduct and pr.idCompany = co.id', 'Select', 0, '2014-12-21 22:04:18'),
	(722, 1, 'SELECT * FROM users WHERE idUser = \'12\' AND sessionid = \'ac80af2c53fb3353ae0d536b6954a264\'', 'Select', 0, '2014-12-21 22:04:18'),
	(723, 1, 'select p.idPay, p.idProd, p.idResponsible, p.price, p.status, pr.description, co.name, re.name from pay p, product pr, company co, responsible re where p.idProd = pr.idProduct and pr.idCompany = co.id', 'Select', 0, '2014-12-21 22:04:18'),
	(724, 1, 'SELECT * FROM users WHERE idUser = \'12\' AND sessionid = \'ac80af2c53fb3353ae0d536b6954a264\'', 'Select', 0, '2014-12-21 22:04:19'),
	(725, 1, 'select p.idPay, p.idProd, p.idResponsible, p.price, p.status, pr.description, co.name, re.name from pay p, product pr, company co, responsible re where p.idProd = pr.idProduct and pr.idCompany = co.id', 'Select', 0, '2014-12-21 22:04:19'),
	(726, 1, 'SELECT * FROM users WHERE idUser = \'12\' AND sessionid = \'ac80af2c53fb3353ae0d536b6954a264\'', 'Select', 0, '2014-12-21 22:04:19'),
	(727, 1, 'select p.idPay, p.idProd, p.idResponsible, p.price, p.status, pr.description, co.name, re.name from pay p, product pr, company co, responsible re where p.idProd = pr.idProduct and pr.idCompany = co.id', 'Select', 0, '2014-12-21 22:04:19'),
	(728, 1, 'SELECT * FROM users WHERE idUser = \'12\' AND sessionid = \'ac80af2c53fb3353ae0d536b6954a264\'', 'Select', 0, '2014-12-21 22:04:19'),
	(729, 1, 'select p.idPay, p.idProd, p.idResponsible, p.price, p.status, pr.description, co.name, re.name from pay p, product pr, company co, responsible re where p.idProd = pr.idProduct and pr.idCompany = co.id', 'Select', 0, '2014-12-21 22:04:19'),
	(730, 1, 'SELECT * FROM users WHERE idUser = \'12\' AND sessionid = \'ac80af2c53fb3353ae0d536b6954a264\'', 'Select', 0, '2014-12-21 22:04:24'),
	(731, 1, 'SELECT * FROM users WHERE idUser = \'12\' AND sessionid = \'ac80af2c53fb3353ae0d536b6954a264\'', 'Select', 0, '2014-12-21 22:04:24'),
	(732, 1, 'SELECT idCompany, name FROM company', 'Select', 0, '2014-12-21 22:04:24'),
	(733, 1, 'SELECT idResponsible, name FROM responsible WHERE idUser=\'12\'', 'Select', 0, '2014-12-21 22:04:24'),
	(734, 1, 'SELECT * FROM users WHERE idUser = \'12\' AND sessionid = \'ac80af2c53fb3353ae0d536b6954a264\'', 'Select', 0, '2014-12-21 22:04:54'),
	(735, 1, 'SELECT * FROM responsible WHERE name = \'YO\' AND idResponsible = \'13\'', 'Select', 0, '2014-12-21 22:04:54'),
	(736, 1, 'SELECT * FROM responsible WHERE name = \'YO\' AND idResponsible = \'13\'', 'Select', 0, '2014-12-21 22:04:54'),
	(737, 1, 'SELECT * FROM responsible WHERE name = \'YO\' AND idResponsible = \'13\'', 'Select', 0, '2014-12-21 22:04:54'),
	(738, 1, 'SELECT * FROM responsible WHERE name = \'YO\' AND idResponsible = \'13\'', 'Select', 0, '2014-12-21 22:04:54'),
	(739, 1, 'SELECT * FROM responsible WHERE name = \'YO\' AND idResponsible = \'13\'', 'Select', 0, '2014-12-21 22:04:54'),
	(740, 1, 'SELECT * FROM responsible WHERE name = \'YO\' AND idResponsible = \'13\'', 'Select', 0, '2014-12-21 22:04:55'),
	(741, 1, 'SELECT * FROM responsible WHERE name = \'YO\' AND idResponsible = \'13\'', 'Select', 0, '2014-12-21 22:04:55'),
	(742, 1, 'SELECT * FROM responsible WHERE name = \'YO\' AND idResponsible = \'13\'', 'Select', 0, '2014-12-21 22:04:55'),
	(743, 1, 'SELECT * FROM responsible WHERE name = \'YO\' AND idResponsible = \'13\'', 'Select', 0, '2014-12-21 22:04:55'),
	(744, 1, 'SELECT * FROM responsible WHERE name = \'YO\' AND idResponsible = \'13\'', 'Select', 0, '2014-12-21 22:04:55'),
	(745, 1, 'SELECT * FROM responsible WHERE name = \'YO\' AND idResponsible = \'13\'', 'Select', 0, '2014-12-21 22:04:55'),
	(746, 1, 'SELECT * FROM responsible WHERE name = \'YO\' AND idResponsible = \'13\'', 'Select', 0, '2014-12-21 22:04:55'),
	(747, 1, 'SELECT * FROM users WHERE idUser = \'12\' AND sessionid = \'ac80af2c53fb3353ae0d536b6954a264\'', 'Select', 0, '2014-12-21 22:05:22'),
	(748, 1, 'SELECT * FROM responsible WHERE name = \'YO\' AND idResponsible = \'13\'', 'Select', 0, '2014-12-21 22:05:23'),
	(749, 1, 'SELECT * FROM responsible WHERE name = \'YO\' AND idResponsible = \'13\'', 'Select', 0, '2014-12-21 22:05:23'),
	(750, 1, 'SELECT * FROM responsible WHERE name = \'YO\' AND idResponsible = \'13\'', 'Select', 0, '2014-12-21 22:05:23'),
	(751, 1, 'SELECT * FROM responsible WHERE name = \'YO\' AND idResponsible = \'13\'', 'Select', 0, '2014-12-21 22:05:23'),
	(752, 1, 'SELECT * FROM responsible WHERE name = \'YO\' AND idResponsible = \'13\'', 'Select', 0, '2014-12-21 22:05:23'),
	(753, 1, 'SELECT * FROM responsible WHERE name = \'YO\' AND idResponsible = \'13\'', 'Select', 0, '2014-12-21 22:05:23'),
	(754, 1, 'SELECT * FROM responsible WHERE name = \'YO\' AND idResponsible = \'13\'', 'Select', 0, '2014-12-21 22:05:23'),
	(755, 1, 'SELECT * FROM responsible WHERE name = \'YO\' AND idResponsible = \'13\'', 'Select', 0, '2014-12-21 22:05:23'),
	(756, 1, 'SELECT * FROM responsible WHERE name = \'YO\' AND idResponsible = \'13\'', 'Select', 0, '2014-12-21 22:05:24'),
	(757, 1, 'SELECT * FROM responsible WHERE name = \'YO\' AND idResponsible = \'13\'', 'Select', 0, '2014-12-21 22:05:24'),
	(758, 1, 'SELECT * FROM responsible WHERE name = \'YO\' AND idResponsible = \'13\'', 'Select', 0, '2014-12-21 22:05:24'),
	(759, 1, 'SELECT * FROM responsible WHERE name = \'YO\' AND idResponsible = \'13\'', 'Select', 0, '2014-12-21 22:05:24'),
	(760, 1, 'SELECT * FROM users WHERE idUser = \'12\' AND sessionid = \'ac80af2c53fb3353ae0d536b6954a264\'', 'Select', 0, '2014-12-21 22:05:51'),
	(761, 1, 'SELECT * FROM responsible WHERE name = \'YO\' AND idResponsible = \'13\'', 'Select', 0, '2014-12-21 22:05:51'),
	(762, 1, 'SELECT * FROM responsible WHERE name = \'YO\' AND idResponsible = \'13\'', 'Select', 0, '2014-12-21 22:05:51'),
	(763, 1, 'SELECT * FROM responsible WHERE name = \'YO\' AND idResponsible = \'13\'', 'Select', 0, '2014-12-21 22:05:51'),
	(764, 1, 'SELECT * FROM responsible WHERE name = \'YO\' AND idResponsible = \'13\'', 'Select', 0, '2014-12-21 22:05:52'),
	(765, 1, 'SELECT * FROM responsible WHERE name = \'YO\' AND idResponsible = \'13\'', 'Select', 0, '2014-12-21 22:05:52'),
	(766, 1, 'SELECT * FROM responsible WHERE name = \'YO\' AND idResponsible = \'13\'', 'Select', 0, '2014-12-21 22:05:52'),
	(767, 1, 'SELECT * FROM responsible WHERE name = \'YO\' AND idResponsible = \'13\'', 'Select', 0, '2014-12-21 22:05:52'),
	(768, 1, 'SELECT * FROM responsible WHERE name = \'YO\' AND idResponsible = \'13\'', 'Select', 0, '2014-12-21 22:05:52'),
	(769, 1, 'SELECT * FROM responsible WHERE name = \'YO\' AND idResponsible = \'13\'', 'Select', 0, '2014-12-21 22:05:52'),
	(770, 1, 'SELECT * FROM responsible WHERE name = \'YO\' AND idResponsible = \'13\'', 'Select', 0, '2014-12-21 22:05:52'),
	(771, 1, 'SELECT * FROM responsible WHERE name = \'YO\' AND idResponsible = \'13\'', 'Select', 0, '2014-12-21 22:05:52'),
	(772, 1, 'SELECT * FROM responsible WHERE name = \'YO\' AND idResponsible = \'13\'', 'Select', 0, '2014-12-21 22:05:52'),
	(773, 1, 'SELECT * FROM users WHERE idUser = \'12\' AND sessionid = \'ac80af2c53fb3353ae0d536b6954a264\'', 'Select', 0, '2014-12-21 22:06:53'),
	(774, 1, 'SELECT * FROM responsible WHERE name = \'YO\' AND idResponsible = \'13\'', 'Select', 0, '2014-12-21 22:06:53'),
	(775, 1, 'SELECT * FROM responsible WHERE name = \'YO\' AND idResponsible = \'13\'', 'Select', 0, '2014-12-21 22:06:54'),
	(776, 1, 'SELECT * FROM responsible WHERE name = \'YO\' AND idResponsible = \'13\'', 'Select', 0, '2014-12-21 22:06:54'),
	(777, 1, 'SELECT * FROM responsible WHERE name = \'YO\' AND idResponsible = \'13\'', 'Select', 0, '2014-12-21 22:06:54'),
	(778, 1, 'SELECT * FROM responsible WHERE name = \'YO\' AND idResponsible = \'13\'', 'Select', 0, '2014-12-21 22:06:54'),
	(779, 1, 'SELECT * FROM responsible WHERE name = \'YO\' AND idResponsible = \'13\'', 'Select', 0, '2014-12-21 22:06:54'),
	(780, 1, 'SELECT * FROM responsible WHERE name = \'YO\' AND idResponsible = \'13\'', 'Select', 0, '2014-12-21 22:06:54'),
	(781, 1, 'SELECT * FROM responsible WHERE name = \'YO\' AND idResponsible = \'13\'', 'Select', 0, '2014-12-21 22:06:54'),
	(782, 1, 'SELECT * FROM responsible WHERE name = \'YO\' AND idResponsible = \'13\'', 'Select', 0, '2014-12-21 22:06:54'),
	(783, 1, 'SELECT * FROM users WHERE idUser = \'12\' AND sessionid = \'ac80af2c53fb3353ae0d536b6954a264\'', 'Select', 0, '2014-12-21 22:07:15'),
	(784, 1, 'SELECT * FROM responsible WHERE name = \'YO\' AND idResponsible = \'13\'', 'Select', 0, '2014-12-21 22:07:15'),
	(785, 1, 'SELECT * FROM responsible WHERE name = \'YO\' AND idResponsible = \'13\'', 'Select', 0, '2014-12-21 22:07:15'),
	(786, 1, 'SELECT * FROM responsible WHERE name = \'YO\' AND idResponsible = \'13\'', 'Select', 0, '2014-12-21 22:07:15'),
	(787, 1, 'SELECT * FROM responsible WHERE name = \'YO\' AND idResponsible = \'13\'', 'Select', 0, '2014-12-21 22:07:15'),
	(788, 1, 'SELECT * FROM users WHERE idUser = \'12\' AND sessionid = \'ac80af2c53fb3353ae0d536b6954a264\'', 'Select', 0, '2014-12-21 22:07:39'),
	(789, 1, 'SELECT * FROM responsible WHERE name = \'YO\' AND idResponsible = \'13\'', 'Select', 0, '2014-12-21 22:07:39'),
	(790, 1, 'SELECT * FROM responsible WHERE name = \'YO\' AND idResponsible = \'13\'', 'Select', 0, '2014-12-21 22:07:39'),
	(791, 1, 'SELECT * FROM responsible WHERE name = \'YO\' AND idResponsible = \'13\'', 'Select', 0, '2014-12-21 22:07:39'),
	(792, 1, 'SELECT * FROM responsible WHERE name = \'YO\' AND idResponsible = \'13\'', 'Select', 0, '2014-12-21 22:07:39'),
	(793, 1, 'SELECT * FROM responsible WHERE name = \'YO\' AND idResponsible = \'13\'', 'Select', 0, '2014-12-21 22:07:39'),
	(794, 1, 'SELECT * FROM responsible WHERE name = \'YO\' AND idResponsible = \'13\'', 'Select', 0, '2014-12-21 22:07:39'),
	(795, 1, 'SELECT * FROM responsible WHERE name = \'YO\' AND idResponsible = \'13\'', 'Select', 0, '2014-12-21 22:07:39'),
	(796, 1, 'SELECT * FROM responsible WHERE name = \'YO\' AND idResponsible = \'13\'', 'Select', 0, '2014-12-21 22:07:39'),
	(797, 1, 'SELECT * FROM responsible WHERE name = \'YO\' AND idResponsible = \'13\'', 'Select', 0, '2014-12-21 22:07:40'),
	(798, 1, 'SELECT * FROM users WHERE idUser = \'12\' AND sessionid = \'ac80af2c53fb3353ae0d536b6954a264\'', 'Select', 0, '2014-12-21 22:08:09'),
	(799, 1, 'SELECT * FROM responsible WHERE name = \'Natti\' AND idUser = \'12\'', 'Select', 0, '2014-12-21 22:08:09'),
	(800, 1, 'SELECT * FROM users WHERE idUser = \'12\' AND sessionid = \'ac80af2c53fb3353ae0d536b6954a264\'', 'Select', 0, '2014-12-21 22:08:09'),
	(801, 1, 'SELECT idResponsible, name FROM responsible WHERE idUser=\'12\'', 'Select', 0, '2014-12-21 22:08:10'),
	(802, 1, 'SELECT * FROM users WHERE idUser = \'12\' AND sessionid = \'ac80af2c53fb3353ae0d536b6954a264\'', 'Select', 0, '2014-12-21 22:08:26'),
	(803, 1, 'SELECT * FROM responsible WHERE name = \'YO\' AND idResponsible = \'14\'', 'Select', 0, '2014-12-21 22:08:26'),
	(804, 1, 'SELECT * FROM responsible WHERE name = \'YO\' AND idResponsible = \'14\'', 'Select', 0, '2014-12-21 22:08:26'),
	(805, 1, 'SELECT * FROM responsible WHERE name = \'YO\' AND idResponsible = \'14\'', 'Select', 0, '2014-12-21 22:08:26'),
	(806, 1, 'SELECT * FROM responsible WHERE name = \'YO\' AND idResponsible = \'14\'', 'Select', 0, '2014-12-21 22:08:26'),
	(807, 1, 'SELECT * FROM responsible WHERE name = \'YO\' AND idResponsible = \'14\'', 'Select', 0, '2014-12-21 22:08:26'),
	(808, 1, 'SELECT * FROM users WHERE idUser = \'12\' AND sessionid = \'ac80af2c53fb3353ae0d536b6954a264\'', 'Select', 0, '2014-12-21 22:08:46'),
	(809, 1, 'SELECT * FROM responsible WHERE name = \'YO\' AND idResponsible = \'14\'', 'Select', 0, '2014-12-21 22:08:46'),
	(810, 1, 'SELECT * FROM responsible WHERE name = \'YO\' AND idResponsible = \'14\'', 'Select', 0, '2014-12-21 22:08:46'),
	(811, 1, 'SELECT * FROM responsible WHERE name = \'YO\' AND idResponsible = \'14\'', 'Select', 0, '2014-12-21 22:08:46'),
	(812, 1, 'SELECT * FROM responsible WHERE name = \'YO\' AND idResponsible = \'14\'', 'Select', 0, '2014-12-21 22:08:46'),
	(813, 1, 'SELECT * FROM responsible WHERE name = \'YO\' AND idResponsible = \'14\'', 'Select', 0, '2014-12-21 22:08:46'),
	(814, 1, 'SELECT * FROM responsible WHERE name = \'YO\' AND idResponsible = \'14\'', 'Select', 0, '2014-12-21 22:08:46'),
	(815, 1, 'SELECT * FROM users WHERE idUser = \'12\' AND sessionid = \'ac80af2c53fb3353ae0d536b6954a264\'', 'Select', 0, '2014-12-21 22:09:12'),
	(816, 1, 'SELECT * FROM responsible WHERE name = \'YO\' AND idResponsible = \'13\'', 'Select', 0, '2014-12-21 22:09:12'),
	(817, 1, 'SELECT * FROM responsible WHERE name = \'YO\' AND idResponsible = \'13\'', 'Select', 0, '2014-12-21 22:09:12'),
	(818, 1, 'SELECT * FROM users WHERE idUser = \'12\' AND sessionid = \'ac80af2c53fb3353ae0d536b6954a264\'', 'Select', 0, '2014-12-21 22:09:30'),
	(819, 1, 'SELECT * FROM responsible WHERE name = \'YO\' AND idResponsible = \'13\'', 'Select', 0, '2014-12-21 22:09:30'),
	(820, 1, 'SELECT * FROM responsible WHERE name = \'YO\' AND idResponsible = \'13\'', 'Select', 0, '2014-12-21 22:09:30'),
	(821, 1, 'SELECT * FROM users WHERE idUser = \'12\' AND sessionid = \'ac80af2c53fb3353ae0d536b6954a264\'', 'Select', 0, '2014-12-21 22:09:42'),
	(822, 1, 'SELECT up.idUser, up.idPermission FROM  users u, permission p, users_permission up WHERE up.idUser = u.idUser AND up.idPermission = p.idPermission AND up.idUser = \'12\' AND up.idPermission = \'1\'', 'Select', 0, '2014-12-21 22:09:42'),
	(823, 1, 'SELECT * FROM company WHERE name = \'Ahorros\'', 'Select', 0, '2014-12-21 22:09:42'),
	(824, 1, 'SELECT * FROM users WHERE idUser = \'12\' AND sessionid = \'ac80af2c53fb3353ae0d536b6954a264\'', 'Select', 0, '2014-12-21 22:09:44'),
	(825, 1, 'SELECT * FROM users WHERE idUser = \'12\' AND sessionid = \'ac80af2c53fb3353ae0d536b6954a264\'', 'Select', 0, '2014-12-21 22:09:44'),
	(826, 1, 'SELECT idCompany, name FROM company', 'Select', 0, '2014-12-21 22:09:44'),
	(827, 1, 'SELECT idResponsible, name FROM responsible WHERE idUser=\'12\'', 'Select', 0, '2014-12-21 22:09:44'),
	(828, 1, 'SELECT * FROM users WHERE idUser = \'12\' AND sessionid = \'ac80af2c53fb3353ae0d536b6954a264\'', 'Select', 0, '2014-12-21 22:10:08'),
	(829, 1, 'select p.idPay, p.idProd, p.idResponsible, p.price, p.status, pr.description, co.name, re.name from pay p, product pr, company co, responsible re where p.idProd = pr.idProduct and pr.idCompany = co.id', 'Select', 0, '2014-12-21 22:10:08'),
	(830, 1, 'SELECT * FROM users WHERE idUser = \'12\' AND sessionid = \'ac80af2c53fb3353ae0d536b6954a264\'', 'Select', 0, '2014-12-21 22:10:08'),
	(831, 1, 'SELECT * FROM users WHERE idUser = \'12\' AND sessionid = \'ac80af2c53fb3353ae0d536b6954a264\'', 'Select', 0, '2014-12-21 22:10:08'),
	(832, 1, 'SELECT idCompany, name FROM company', 'Select', 0, '2014-12-21 22:10:08'),
	(833, 1, 'SELECT idResponsible, name FROM responsible WHERE idUser=\'12\'', 'Select', 0, '2014-12-21 22:10:08'),
	(834, 1, 'SELECT * FROM users WHERE idUser = \'12\' AND sessionid = \'ac80af2c53fb3353ae0d536b6954a264\'', 'Select', 0, '2014-12-21 22:10:44'),
	(835, 1, 'SELECT * FROM responsible WHERE name = \'YO\' AND idResponsible = \'13\'', 'Select', 0, '2014-12-21 22:10:44'),
	(836, 1, 'SELECT * FROM responsible WHERE name = \'YO\' AND idResponsible = \'13\'', 'Select', 0, '2014-12-21 22:10:45'),
	(837, 1, 'SELECT * FROM responsible WHERE name = \'YO\' AND idResponsible = \'13\'', 'Select', 0, '2014-12-21 22:10:45'),
	(838, 1, 'SELECT * FROM responsible WHERE name = \'YO\' AND idResponsible = \'13\'', 'Select', 0, '2014-12-21 22:10:45'),
	(839, 1, 'SELECT * FROM responsible WHERE name = \'YO\' AND idResponsible = \'13\'', 'Select', 0, '2014-12-21 22:10:45'),
	(840, 1, 'SELECT * FROM responsible WHERE name = \'YO\' AND idResponsible = \'13\'', 'Select', 0, '2014-12-21 22:10:45'),
	(841, 1, 'SELECT * FROM responsible WHERE name = \'YO\' AND idResponsible = \'13\'', 'Select', 0, '2014-12-21 22:10:45'),
	(842, 1, 'SELECT * FROM responsible WHERE name = \'YO\' AND idResponsible = \'13\'', 'Select', 0, '2014-12-21 22:10:45'),
	(843, 1, 'SELECT * FROM responsible WHERE name = \'YO\' AND idResponsible = \'13\'', 'Select', 0, '2014-12-21 22:10:45'),
	(844, 1, 'SELECT * FROM responsible WHERE name = \'YO\' AND idResponsible = \'13\'', 'Select', 0, '2014-12-21 22:10:45'),
	(845, 1, 'SELECT * FROM users WHERE idUser = \'12\' AND sessionid = \'ac80af2c53fb3353ae0d536b6954a264\'', 'Select', 0, '2014-12-21 22:11:09'),
	(846, 1, 'SELECT * FROM responsible WHERE name = \'YO\' AND idResponsible = \'13\'', 'Select', 0, '2014-12-21 22:11:09'),
	(847, 1, 'SELECT * FROM responsible WHERE name = \'YO\' AND idResponsible = \'13\'', 'Select', 0, '2014-12-21 22:11:09'),
	(848, 1, 'SELECT * FROM responsible WHERE name = \'YO\' AND idResponsible = \'13\'', 'Select', 0, '2014-12-21 22:11:09'),
	(849, 1, 'SELECT * FROM users WHERE idUser = \'12\' AND sessionid = \'ac80af2c53fb3353ae0d536b6954a264\'', 'Select', 0, '2014-12-21 22:11:30'),
	(850, 1, 'select p.idPay, p.idProd, p.idResponsible, p.price, p.status, pr.description, co.name, re.name from pay p, product pr, company co, responsible re where p.idProd = pr.idProduct and pr.idCompany = co.id', 'Select', 0, '2014-12-21 22:11:30'),
	(851, 1, 'SELECT * FROM users WHERE idUser = \'12\' AND sessionid = \'ac80af2c53fb3353ae0d536b6954a264\'', 'Select', 0, '2014-12-21 22:11:30'),
	(852, 1, 'SELECT * FROM users WHERE idUser = \'12\' AND sessionid = \'ac80af2c53fb3353ae0d536b6954a264\'', 'Select', 0, '2014-12-21 22:11:30'),
	(853, 1, 'SELECT idCompany, name FROM company', 'Select', 0, '2014-12-21 22:11:30'),
	(854, 1, 'SELECT idResponsible, name FROM responsible WHERE idUser=\'12\'', 'Select', 0, '2014-12-21 22:11:30'),
	(855, 1, 'SELECT * FROM users WHERE idUser = \'12\' AND sessionid = \'ac80af2c53fb3353ae0d536b6954a264\'', 'Select', 0, '2014-12-21 22:11:45'),
	(856, 1, 'select p.idPay, p.idProd, p.idResponsible, p.price, p.status, pr.description, co.name, re.name from pay p, product pr, company co, responsible re where p.idProd = pr.idProduct and pr.idCompany = co.id', 'Select', 0, '2014-12-21 22:11:46'),
	(857, 1, 'SELECT * FROM users WHERE idUser = \'12\' AND sessionid = \'ac80af2c53fb3353ae0d536b6954a264\'', 'Select', 0, '2014-12-21 22:11:46'),
	(858, 1, 'SELECT * FROM users WHERE idUser = \'12\' AND sessionid = \'ac80af2c53fb3353ae0d536b6954a264\'', 'Select', 0, '2014-12-21 22:11:46'),
	(859, 1, 'SELECT idCompany, name FROM company', 'Select', 0, '2014-12-21 22:11:46'),
	(860, 1, 'SELECT idResponsible, name FROM responsible WHERE idUser=\'12\'', 'Select', 0, '2014-12-21 22:11:46'),
	(861, 1, 'SELECT * FROM users WHERE idUser = \'12\' AND sessionid = \'ac80af2c53fb3353ae0d536b6954a264\'', 'Select', 0, '2014-12-21 22:12:15'),
	(862, 1, 'SELECT * FROM responsible WHERE name = \'YO\' AND idResponsible = \'13\'', 'Select', 0, '2014-12-21 22:12:15'),
	(863, 1, 'SELECT * FROM responsible WHERE name = \'YO\' AND idResponsible = \'13\'', 'Select', 0, '2014-12-21 22:12:15'),
	(864, 1, 'SELECT * FROM responsible WHERE name = \'YO\' AND idResponsible = \'13\'', 'Select', 0, '2014-12-21 22:12:15'),
	(865, 1, 'SELECT * FROM responsible WHERE name = \'YO\' AND idResponsible = \'13\'', 'Select', 0, '2014-12-21 22:12:15'),
	(866, 1, 'SELECT * FROM responsible WHERE name = \'YO\' AND idResponsible = \'13\'', 'Select', 0, '2014-12-21 22:12:15'),
	(867, 1, 'SELECT * FROM responsible WHERE name = \'YO\' AND idResponsible = \'13\'', 'Select', 0, '2014-12-21 22:12:15'),
	(868, 1, 'SELECT * FROM responsible WHERE name = \'YO\' AND idResponsible = \'13\'', 'Select', 0, '2014-12-21 22:12:15'),
	(869, 1, 'SELECT * FROM responsible WHERE name = \'YO\' AND idResponsible = \'13\'', 'Select', 0, '2014-12-21 22:12:16'),
	(870, 1, 'SELECT * FROM responsible WHERE name = \'YO\' AND idResponsible = \'13\'', 'Select', 0, '2014-12-21 22:12:16'),
	(871, 1, 'SELECT * FROM responsible WHERE name = \'YO\' AND idResponsible = \'13\'', 'Select', 0, '2014-12-21 22:12:16'),
	(872, 1, 'SELECT * FROM responsible WHERE name = \'YO\' AND idResponsible = \'13\'', 'Select', 0, '2014-12-21 22:12:16'),
	(873, 1, 'SELECT * FROM responsible WHERE name = \'YO\' AND idResponsible = \'13\'', 'Select', 0, '2014-12-21 22:12:16'),
	(874, 1, 'SELECT * FROM responsible WHERE name = \'YO\' AND idResponsible = \'13\'', 'Select', 0, '2014-12-21 22:12:16'),
	(875, 1, 'SELECT * FROM responsible WHERE name = \'YO\' AND idResponsible = \'13\'', 'Select', 0, '2014-12-21 22:12:16'),
	(876, 1, 'SELECT * FROM responsible WHERE name = \'YO\' AND idResponsible = \'13\'', 'Select', 0, '2014-12-21 22:12:16'),
	(877, 1, 'SELECT * FROM responsible WHERE name = \'YO\' AND idResponsible = \'13\'', 'Select', 0, '2014-12-21 22:12:16'),
	(878, 1, 'SELECT * FROM responsible WHERE name = \'YO\' AND idResponsible = \'13\'', 'Select', 0, '2014-12-21 22:12:16'),
	(879, 1, 'SELECT * FROM responsible WHERE name = \'YO\' AND idResponsible = \'13\'', 'Select', 0, '2014-12-21 22:12:17'),
	(880, 1, 'SELECT * FROM responsible WHERE name = \'YO\' AND idResponsible = \'13\'', 'Select', 0, '2014-12-21 22:12:17'),
	(881, 1, 'SELECT * FROM responsible WHERE name = \'YO\' AND idResponsible = \'13\'', 'Select', 0, '2014-12-21 22:12:17'),
	(882, 1, 'SELECT * FROM responsible WHERE name = \'YO\' AND idResponsible = \'13\'', 'Select', 0, '2014-12-21 22:12:17'),
	(883, 1, 'SELECT * FROM responsible WHERE name = \'YO\' AND idResponsible = \'13\'', 'Select', 0, '2014-12-21 22:12:17'),
	(884, 1, 'SELECT * FROM responsible WHERE name = \'YO\' AND idResponsible = \'13\'', 'Select', 0, '2014-12-21 22:12:17'),
	(885, 1, 'SELECT * FROM users WHERE idUser = \'12\' AND sessionid = \'ac80af2c53fb3353ae0d536b6954a264\'', 'Select', 0, '2014-12-21 22:12:41'),
	(886, 1, 'SELECT * FROM responsible WHERE name = \'YO\' AND idResponsible = \'13\'', 'Select', 0, '2014-12-21 22:12:41'),
	(887, 1, 'SELECT * FROM responsible WHERE name = \'YO\' AND idResponsible = \'13\'', 'Select', 0, '2014-12-21 22:12:41'),
	(888, 1, 'SELECT * FROM users WHERE idUser = \'12\' AND sessionid = \'ac80af2c53fb3353ae0d536b6954a264\'', 'Select', 0, '2014-12-21 22:12:51'),
	(889, 1, 'SELECT * FROM responsible WHERE name = \'Ricardo\' AND idUser = \'12\'', 'Select', 0, '2014-12-21 22:12:51'),
	(890, 1, 'SELECT * FROM users WHERE idUser = \'12\' AND sessionid = \'ac80af2c53fb3353ae0d536b6954a264\'', 'Select', 0, '2014-12-21 22:12:51'),
	(891, 1, 'SELECT idResponsible, name FROM responsible WHERE idUser=\'12\'', 'Select', 0, '2014-12-21 22:12:51'),
	(892, 1, 'SELECT * FROM users WHERE idUser = \'12\' AND sessionid = \'ac80af2c53fb3353ae0d536b6954a264\'', 'Select', 0, '2014-12-21 22:13:12'),
	(893, 1, 'SELECT * FROM responsible WHERE name = \'YO\' AND idResponsible = \'15\'', 'Select', 0, '2014-12-21 22:13:12'),
	(894, 1, 'SELECT * FROM responsible WHERE name = \'YO\' AND idResponsible = \'15\'', 'Select', 0, '2014-12-21 22:13:12'),
	(895, 1, 'SELECT * FROM users WHERE idUser = \'12\' AND sessionid = \'ac80af2c53fb3353ae0d536b6954a264\'', 'Select', 0, '2014-12-21 22:13:27'),
	(896, 1, 'SELECT up.idUser, up.idPermission FROM  users u, permission p, users_permission up WHERE up.idUser = u.idUser AND up.idPermission = p.idPermission AND up.idUser = \'12\' AND up.idPermission = \'1\'', 'Select', 0, '2014-12-21 22:13:27'),
	(897, 1, 'SELECT * FROM company WHERE name = \'Naranja\'', 'Select', 0, '2014-12-21 22:13:27'),
	(898, 1, 'SELECT * FROM users WHERE idUser = \'12\' AND sessionid = \'ac80af2c53fb3353ae0d536b6954a264\'', 'Select', 0, '2014-12-21 22:13:33'),
	(899, 1, 'select p.idPay, p.idProd, p.idResponsible, p.price, p.status, pr.description, co.name, re.name from pay p, product pr, company co, responsible re where p.idProd = pr.idProduct and pr.idCompany = co.id', 'Select', 0, '2014-12-21 22:13:33'),
	(900, 1, 'SELECT * FROM users WHERE idUser = \'12\' AND sessionid = \'ac80af2c53fb3353ae0d536b6954a264\'', 'Select', 0, '2014-12-21 22:13:34'),
	(901, 1, 'SELECT idCompany, name FROM company', 'Select', 0, '2014-12-21 22:13:34'),
	(902, 1, 'SELECT * FROM users WHERE idUser = \'12\' AND sessionid = \'ac80af2c53fb3353ae0d536b6954a264\'', 'Select', 0, '2014-12-21 22:13:34'),
	(903, 1, 'SELECT idResponsible, name FROM responsible WHERE idUser=\'12\'', 'Select', 0, '2014-12-21 22:13:34'),
	(904, 1, 'SELECT * FROM users WHERE idUser = \'12\' AND sessionid = \'ac80af2c53fb3353ae0d536b6954a264\'', 'Select', 0, '2014-12-21 22:14:01'),
	(905, 1, 'SELECT * FROM responsible WHERE name = \'YO\' AND idResponsible = \'13\'', 'Select', 0, '2014-12-21 22:14:01'),
	(906, 1, 'SELECT * FROM responsible WHERE name = \'YO\' AND idResponsible = \'13\'', 'Select', 0, '2014-12-21 22:14:01'),
	(907, 1, 'SELECT * FROM responsible WHERE name = \'YO\' AND idResponsible = \'13\'', 'Select', 0, '2014-12-21 22:14:02'),
	(908, 1, 'SELECT * FROM responsible WHERE name = \'YO\' AND idResponsible = \'13\'', 'Select', 0, '2014-12-21 22:14:02'),
	(909, 1, 'SELECT * FROM responsible WHERE name = \'YO\' AND idResponsible = \'13\'', 'Select', 0, '2014-12-21 22:14:02'),
	(910, 1, 'SELECT * FROM responsible WHERE name = \'YO\' AND idResponsible = \'13\'', 'Select', 0, '2014-12-21 22:14:02'),
	(911, 1, 'SELECT * FROM users WHERE idUser = \'12\' AND sessionid = \'ac80af2c53fb3353ae0d536b6954a264\'', 'Select', 0, '2014-12-21 22:14:37'),
	(912, 1, 'SELECT * FROM responsible WHERE name = \'YO\' AND idResponsible = \'13\'', 'Select', 0, '2014-12-21 22:14:37'),
	(913, 1, 'SELECT * FROM responsible WHERE name = \'YO\' AND idResponsible = \'13\'', 'Select', 0, '2014-12-21 22:14:37'),
	(914, 1, 'SELECT * FROM responsible WHERE name = \'YO\' AND idResponsible = \'13\'', 'Select', 0, '2014-12-21 22:14:37'),
	(915, 1, 'SELECT * FROM users WHERE idUser = \'12\' AND sessionid = \'ac80af2c53fb3353ae0d536b6954a264\'', 'Select', 0, '2014-12-21 22:15:10'),
	(916, 1, 'SELECT * FROM responsible WHERE name = \'YO\' AND idResponsible = \'13\'', 'Select', 0, '2014-12-21 22:15:10'),
	(917, 1, 'SELECT * FROM responsible WHERE name = \'YO\' AND idResponsible = \'13\'', 'Select', 0, '2014-12-21 22:15:10'),
	(918, 1, 'SELECT * FROM responsible WHERE name = \'YO\' AND idResponsible = \'13\'', 'Select', 0, '2014-12-21 22:15:10'),
	(919, 1, 'SELECT * FROM users WHERE idUser = \'12\' AND sessionid = \'ac80af2c53fb3353ae0d536b6954a264\'', 'Select', 0, '2014-12-21 22:15:37'),
	(920, 1, 'SELECT * FROM responsible WHERE name = \'YO\' AND idResponsible = \'13\'', 'Select', 0, '2014-12-21 22:15:37'),
	(921, 1, 'SELECT * FROM responsible WHERE name = \'YO\' AND idResponsible = \'13\'', 'Select', 0, '2014-12-21 22:15:37'),
	(922, 1, 'SELECT * FROM users WHERE idUser = \'12\' AND sessionid = \'ac80af2c53fb3353ae0d536b6954a264\'', 'Select', 0, '2014-12-21 22:16:04'),
	(923, 1, 'SELECT * FROM responsible WHERE name = \'YO\' AND idResponsible = \'13\'', 'Select', 0, '2014-12-21 22:16:04'),
	(924, 1, 'SELECT * FROM responsible WHERE name = \'YO\' AND idResponsible = \'13\'', 'Select', 0, '2014-12-21 22:16:04'),
	(925, 1, 'SELECT * FROM users WHERE idUser = \'12\' AND sessionid = \'ac80af2c53fb3353ae0d536b6954a264\'', 'Select', 0, '2014-12-21 22:16:26'),
	(926, 1, 'SELECT * FROM responsible WHERE name = \'YO\' AND idResponsible = \'15\'', 'Select', 0, '2014-12-21 22:16:27'),
	(927, 1, 'SELECT * FROM responsible WHERE name = \'YO\' AND idResponsible = \'15\'', 'Select', 0, '2014-12-21 22:16:27'),
	(928, 1, 'SELECT * FROM users WHERE idUser = \'12\' AND sessionid = \'ac80af2c53fb3353ae0d536b6954a264\'', 'Select', 0, '2014-12-21 22:16:30'),
	(929, 1, 'select p.idPay, p.idProd, p.idResponsible, p.price, p.status, pr.description, co.name, re.name from pay p, product pr, company co, responsible re where p.idProd = pr.idProduct and pr.idCompany = co.id', 'Select', 0, '2014-12-21 22:16:30'),
	(930, 1, 'SELECT * FROM users WHERE idUser = \'12\' AND sessionid = \'ac80af2c53fb3353ae0d536b6954a264\'', 'Select', 0, '2014-12-21 22:17:45'),
	(931, 1, 'select p.idPay, p.idProd, p.idResponsible, p.price, p.status, pr.description, co.name, re.name from pay p, product pr, company co, responsible re where p.idProd = pr.idProduct and pr.idCompany = co.id', 'Select', 0, '2014-12-21 22:17:45'),
	(932, 1, 'SELECT * FROM users WHERE idUser = \'12\' AND sessionid = \'ac80af2c53fb3353ae0d536b6954a264\'', 'Select', 0, '2014-12-21 22:17:49'),
	(933, 1, 'select p.idPay, p.idProd, p.idResponsible, p.price, p.status, pr.description, co.name, re.name from pay p, product pr, company co, responsible re where p.idProd = pr.idProduct and pr.idCompany = co.id', 'Select', 0, '2014-12-21 22:17:49'),
	(934, 1, 'SELECT * FROM users WHERE idUser = \'12\' AND sessionid = \'ac80af2c53fb3353ae0d536b6954a264\'', 'Select', 0, '2014-12-21 22:17:53'),
	(935, 1, 'select p.idPay, p.idProd, p.idResponsible, p.price, p.status, pr.description, co.name, re.name from pay p, product pr, company co, responsible re where p.idProd = pr.idProduct and pr.idCompany = co.id', 'Select', 0, '2014-12-21 22:17:53'),
	(936, 1, 'SELECT * FROM users WHERE idUser = \'12\' AND sessionid = \'ac80af2c53fb3353ae0d536b6954a264\'', 'Select', 0, '2014-12-21 22:18:18'),
	(937, 1, 'select p.idPay, p.idProd, p.idResponsible, p.price, p.status, pr.description, co.name, re.name from pay p, product pr, company co, responsible re where p.idProd = pr.idProduct and pr.idCompany = co.id', 'Select', 0, '2014-12-21 22:18:18'),
	(938, 1, 'SELECT * FROM users WHERE idUser = \'12\' AND sessionid = \'ac80af2c53fb3353ae0d536b6954a264\'', 'Select', 0, '2014-12-21 22:18:26'),
	(939, 1, 'select p.idPay, p.idProd, p.idResponsible, p.price, p.status, pr.description, co.name, re.name from pay p, product pr, company co, responsible re where p.idProd = pr.idProduct and pr.idCompany = co.id', 'Select', 0, '2014-12-21 22:18:26'),
	(940, 1, 'SELECT * FROM users WHERE idUser = \'12\' AND sessionid = \'ac80af2c53fb3353ae0d536b6954a264\'', 'Select', 0, '2014-12-21 22:18:48'),
	(941, 1, 'select p.idPay, p.idProd, p.idResponsible, p.price, p.status, pr.description, co.name, re.name from pay p, product pr, company co, responsible re where p.idProd = pr.idProduct and pr.idCompany = co.id', 'Select', 0, '2014-12-21 22:18:48'),
	(942, 1, 'SELECT * FROM users WHERE idUser = \'12\' AND sessionid = \'ac80af2c53fb3353ae0d536b6954a264\'', 'Select', 0, '2014-12-21 22:19:17'),
	(943, 1, 'select p.idPay, p.idProd, p.idResponsible, p.price, p.status, pr.description, co.name, re.name from pay p, product pr, company co, responsible re where p.idProd = pr.idProduct and pr.idCompany = co.id', 'Select', 0, '2014-12-21 22:19:17'),
	(944, 1, 'SELECT * FROM users WHERE idUser = \'12\' AND sessionid = \'ac80af2c53fb3353ae0d536b6954a264\'', 'Select', 0, '2014-12-21 22:19:36'),
	(945, 1, 'select p.idPay, p.idProd, p.idResponsible, p.price, p.status, pr.description, co.name, re.name from pay p, product pr, company co, responsible re where p.idProd = pr.idProduct and pr.idCompany = co.id', 'Select', 0, '2014-12-21 22:19:36'),
	(946, 1, 'SELECT * FROM users WHERE idUser = \'12\' AND sessionid = \'ac80af2c53fb3353ae0d536b6954a264\'', 'Select', 0, '2014-12-21 22:20:19'),
	(947, 1, 'select p.idPay, p.idProd, p.idResponsible, p.price, p.status, pr.description, co.name, re.name from pay p, product pr, company co, responsible re where p.idProd = pr.idProduct and pr.idCompany = co.id', 'Select', 0, '2014-12-21 22:20:19'),
	(948, 1, 'SELECT * FROM users WHERE idUser = \'12\' AND sessionid = \'ac80af2c53fb3353ae0d536b6954a264\'', 'Select', 0, '2014-12-21 22:20:57'),
	(949, 1, 'select p.idPay, p.idProd, p.idResponsible, p.price, p.status, pr.description, co.name, re.name from pay p, product pr, company co, responsible re where p.idProd = pr.idProduct and pr.idCompany = co.id', 'Select', 0, '2014-12-21 22:20:57'),
	(950, 1, 'SELECT * FROM users WHERE idUser = \'12\' AND sessionid = \'ac80af2c53fb3353ae0d536b6954a264\'', 'Select', 0, '2014-12-21 22:21:21'),
	(951, 1, 'select p.idPay, p.idProd, p.idResponsible, p.price, p.status, pr.description, co.name, re.name from pay p, product pr, company co, responsible re where p.idProd = pr.idProduct and pr.idCompany = co.id', 'Select', 0, '2014-12-21 22:21:21'),
	(952, 1, 'SELECT * FROM users WHERE idUser = \'12\' AND sessionid = \'ac80af2c53fb3353ae0d536b6954a264\'', 'Select', 0, '2014-12-21 22:22:32'),
	(953, 1, 'select p.idPay, p.idProd, p.idResponsible, p.price, p.status, pr.description, co.name, re.name from pay p, product pr, company co, responsible re where p.idProd = pr.idProduct and pr.idCompany = co.id', 'Select', 0, '2014-12-21 22:22:32'),
	(954, 1, 'SELECT * FROM users WHERE idUser = \'12\' AND sessionid = \'ac80af2c53fb3353ae0d536b6954a264\'', 'Select', 0, '2014-12-21 22:23:02'),
	(955, 1, 'select p.idPay, p.idProd, p.idResponsible, p.price, p.status, pr.description, co.name, re.name from pay p, product pr, company co, responsible re where p.idProd = pr.idProduct and pr.idCompany = co.id', 'Select', 0, '2014-12-21 22:23:02'),
	(956, 1, 'SELECT * FROM users WHERE idUser = \'12\' AND sessionid = \'ac80af2c53fb3353ae0d536b6954a264\'', 'Select', 0, '2014-12-21 22:23:14'),
	(957, 1, 'select p.idPay, p.idProd, p.idResponsible, p.price, p.status, pr.description, co.name, re.name from pay p, product pr, company co, responsible re where p.idProd = pr.idProduct and pr.idCompany = co.id', 'Select', 0, '2014-12-21 22:23:14'),
	(958, 1, 'SELECT * FROM users WHERE idUser = \'12\' AND sessionid = \'ac80af2c53fb3353ae0d536b6954a264\'', 'Select', 0, '2014-12-21 22:23:30'),
	(959, 1, 'select p.idPay, p.idProd, p.idResponsible, p.price, p.status, pr.description, co.name, re.name from pay p, product pr, company co, responsible re where p.idProd = pr.idProduct and pr.idCompany = co.id', 'Select', 0, '2014-12-21 22:23:30'),
	(960, 1, 'SELECT * FROM users WHERE idUser = \'12\' AND sessionid = \'ac80af2c53fb3353ae0d536b6954a264\'', 'Select', 0, '2014-12-21 22:24:00'),
	(961, 1, 'select p.idPay, p.idProd, p.idResponsible, p.price, p.status, pr.description, co.name, re.name from pay p, product pr, company co, responsible re where p.idProd = pr.idProduct and pr.idCompany = co.id', 'Select', 0, '2014-12-21 22:24:00'),
	(962, 1, 'SELECT * FROM users WHERE idUser = \'12\' AND sessionid = \'ac80af2c53fb3353ae0d536b6954a264\'', 'Select', 0, '2014-12-21 22:24:10'),
	(963, 1, 'select p.idPay, p.idProd, p.idResponsible, p.price, p.status, pr.description, co.name, re.name from pay p, product pr, company co, responsible re where p.idProd = pr.idProduct and pr.idCompany = co.id', 'Select', 0, '2014-12-21 22:24:10'),
	(964, 1, 'SELECT * FROM users WHERE idUser = \'12\' AND sessionid = \'ac80af2c53fb3353ae0d536b6954a264\'', 'Select', 0, '2014-12-21 22:24:17'),
	(965, 1, 'select p.idPay, p.idProd, p.idResponsible, p.price, p.status, pr.description, co.name, re.name from pay p, product pr, company co, responsible re where p.idProd = pr.idProduct and pr.idCompany = co.id', 'Select', 0, '2014-12-21 22:24:17'),
	(966, 1, 'SELECT * FROM users WHERE idUser = \'12\' AND sessionid = \'ac80af2c53fb3353ae0d536b6954a264\'', 'Select', 0, '2014-12-21 22:24:24'),
	(967, 1, 'select p.idPay, p.idProd, p.idResponsible, p.price, p.status, pr.description, co.name, re.name from pay p, product pr, company co, responsible re where p.idProd = pr.idProduct and pr.idCompany = co.id', 'Select', 0, '2014-12-21 22:24:24'),
	(968, 1, 'SELECT * FROM users WHERE idUser = \'12\' AND sessionid = \'ac80af2c53fb3353ae0d536b6954a264\'', 'Select', 0, '2014-12-21 22:24:40'),
	(969, 1, 'UPDATE pay SET status = \'2\' WHERE idProd =  \'13\'', 'Update', 0, '2014-12-21 22:24:40'),
	(970, 1, 'UPDATE pay SET status = \'2\' WHERE idProd =  \'14\'', 'Update', 0, '2014-12-21 22:24:41'),
	(971, 1, 'UPDATE pay SET status = \'2\' WHERE idProd =  \'15\'', 'Update', 0, '2014-12-21 22:24:41'),
	(972, 1, 'UPDATE pay SET status = \'2\' WHERE idProd =  \'16\'', 'Update', 0, '2014-12-21 22:24:41'),
	(973, 1, 'UPDATE pay SET status = \'2\' WHERE idProd =  \'17\'', 'Update', 0, '2014-12-21 22:24:41'),
	(974, 1, 'SELECT * FROM users WHERE idUser = \'12\' AND sessionid = \'ac80af2c53fb3353ae0d536b6954a264\'', 'Select', 0, '2014-12-21 22:24:41'),
	(975, 1, 'select p.idPay, p.idProd, p.idResponsible, p.price, p.status, pr.description, co.name, re.name from pay p, product pr, company co, responsible re where p.idProd = pr.idProduct and pr.idCompany = co.id', 'Select', 0, '2014-12-21 22:24:41'),
	(976, 1, 'SELECT * FROM users WHERE idUser = \'12\' AND sessionid = \'ac80af2c53fb3353ae0d536b6954a264\'', 'Select', 0, '2014-12-21 22:24:51'),
	(977, 1, 'select p.idPay, p.idProd, p.idResponsible, p.price, p.status, pr.description, co.name, re.name from pay p, product pr, company co, responsible re where p.idProd = pr.idProduct and pr.idCompany = co.id', 'Select', 0, '2014-12-21 22:24:51'),
	(978, 1, 'SELECT * FROM users WHERE idUser = \'12\' AND sessionid = \'ac80af2c53fb3353ae0d536b6954a264\'', 'Select', 0, '2014-12-21 22:24:51'),
	(979, 1, 'select p.idPay, p.idProd, p.idResponsible, p.price, p.status, pr.description, co.name, re.name from pay p, product pr, company co, responsible re where p.idProd = pr.idProduct and pr.idCompany = co.id', 'Select', 0, '2014-12-21 22:24:51'),
	(980, 1, 'SELECT * FROM users WHERE idUser = \'12\' AND sessionid = \'ac80af2c53fb3353ae0d536b6954a264\'', 'Select', 0, '2014-12-21 22:24:53'),
	(981, 1, 'select p.idPay, p.idProd, p.idResponsible, p.price, p.status, pr.description, co.name, re.name from pay p, product pr, company co, responsible re where p.idProd = pr.idProduct and pr.idCompany = co.id', 'Select', 0, '2014-12-21 22:24:53'),
	(982, 1, 'SELECT * FROM users WHERE idUser = \'12\' AND sessionid = \'ac80af2c53fb3353ae0d536b6954a264\'', 'Select', 0, '2014-12-21 22:24:53'),
	(983, 1, 'select p.idPay, p.idProd, p.idResponsible, p.price, p.status, pr.description, co.name, re.name from pay p, product pr, company co, responsible re where p.idProd = pr.idProduct and pr.idCompany = co.id', 'Select', 0, '2014-12-21 22:24:53'),
	(984, 1, 'SELECT * FROM users WHERE idUser = \'12\' AND sessionid = \'ac80af2c53fb3353ae0d536b6954a264\'', 'Select', 0, '2014-12-21 22:24:53'),
	(985, 1, 'select p.idPay, p.idProd, p.idResponsible, p.price, p.status, pr.description, co.name, re.name from pay p, product pr, company co, responsible re where p.idProd = pr.idProduct and pr.idCompany = co.id', 'Select', 0, '2014-12-21 22:24:53'),
	(986, 1, 'SELECT * FROM users WHERE idUser = \'12\' AND sessionid = \'ac80af2c53fb3353ae0d536b6954a264\'', 'Select', 0, '2014-12-21 22:25:03'),
	(987, 1, 'UPDATE pay SET status = \'4\' WHERE idProd =  \'29\'', 'Update', 0, '2014-12-21 22:25:03'),
	(988, 1, 'SELECT * FROM users WHERE idUser = \'12\' AND sessionid = \'ac80af2c53fb3353ae0d536b6954a264\'', 'Select', 0, '2014-12-21 22:25:03'),
	(989, 1, 'select p.idPay, p.idProd, p.idResponsible, p.price, p.status, pr.description, co.name, re.name from pay p, product pr, company co, responsible re where p.idProd = pr.idProduct and pr.idCompany = co.id', 'Select', 0, '2014-12-21 22:25:03'),
	(990, 1, 'SELECT * FROM users WHERE idUser = \'12\' AND sessionid = \'ac80af2c53fb3353ae0d536b6954a264\'', 'Select', 0, '2014-12-21 22:25:10'),
	(991, 1, 'select p.idPay, p.idProd, p.idResponsible, p.price, p.status, pr.description, co.name, re.name from pay p, product pr, company co, responsible re where p.idProd = pr.idProduct and pr.idCompany = co.id', 'Select', 0, '2014-12-21 22:25:10'),
	(992, 1, 'SELECT * FROM users WHERE idUser = \'12\' AND sessionid = \'ac80af2c53fb3353ae0d536b6954a264\'', 'Select', 0, '2014-12-21 22:26:57'),
	(993, 1, 'select p.idPay, p.idProd, p.idResponsible, p.price, p.status, pr.description, co.name, re.name from pay p, product pr, company co, responsible re where p.idProd = pr.idProduct and pr.idCompany = co.id', 'Select', 0, '2014-12-21 22:26:57'),
	(994, 1, 'SELECT * FROM users WHERE idUser = \'12\' AND sessionid = \'ac80af2c53fb3353ae0d536b6954a264\'', 'Select', 0, '2014-12-21 22:27:18'),
	(995, 1, 'select p.idPay, p.idProd, p.idResponsible, p.price, p.status, pr.description, co.name, re.name from pay p, product pr, company co, responsible re where p.idProd = pr.idProduct and pr.idCompany = co.id', 'Select', 0, '2014-12-21 22:27:18'),
	(996, 1, 'SELECT * FROM users WHERE idUser = \'12\' AND sessionid = \'ac80af2c53fb3353ae0d536b6954a264\'', 'Select', 0, '2014-12-21 22:27:31'),
	(997, 1, 'UPDATE pay SET status = \'2\' WHERE idProd =  \'18\'', 'Update', 0, '2014-12-21 22:27:31'),
	(998, 1, 'UPDATE pay SET status = \'2\' WHERE idProd =  \'19\'', 'Update', 0, '2014-12-21 22:27:31'),
	(999, 1, 'UPDATE pay SET status = \'2\' WHERE idProd =  \'20\'', 'Update', 0, '2014-12-21 22:27:31'),
	(1000, 1, 'SELECT * FROM users WHERE idUser = \'12\' AND sessionid = \'ac80af2c53fb3353ae0d536b6954a264\'', 'Select', 0, '2014-12-21 22:27:31'),
	(1001, 1, 'select p.idPay, p.idProd, p.idResponsible, p.price, p.status, pr.description, co.name, re.name from pay p, product pr, company co, responsible re where p.idProd = pr.idProduct and pr.idCompany = co.id', 'Select', 0, '2014-12-21 22:27:31'),
	(1002, 1, 'SELECT * FROM users WHERE idUser = \'12\' AND sessionid = \'ac80af2c53fb3353ae0d536b6954a264\'', 'Select', 0, '2014-12-21 22:27:32'),
	(1003, 1, 'select p.idPay, p.idProd, p.idResponsible, p.price, p.status, pr.description, co.name, re.name from pay p, product pr, company co, responsible re where p.idProd = pr.idProduct and pr.idCompany = co.id', 'Select', 0, '2014-12-21 22:27:32'),
	(1004, 1, 'SELECT * FROM users WHERE idUser = \'12\' AND sessionid = \'ac80af2c53fb3353ae0d536b6954a264\'', 'Select', 0, '2014-12-21 22:27:40'),
	(1005, 1, 'select p.idPay, p.idProd, p.idResponsible, p.price, p.status, pr.description, co.name, re.name from pay p, product pr, company co, responsible re where p.idProd = pr.idProduct and pr.idCompany = co.id', 'Select', 0, '2014-12-21 22:27:40'),
	(1006, 1, 'SELECT * FROM users WHERE idUser = \'12\' AND sessionid = \'ac80af2c53fb3353ae0d536b6954a264\'', 'Select', 0, '2014-12-21 22:28:13'),
	(1007, 1, 'UPDATE pay SET status = \'2\' WHERE idProd =  \'21\'', 'Update', 0, '2014-12-21 22:28:13'),
	(1008, 1, 'UPDATE pay SET status = \'2\' WHERE idProd =  \'22\'', 'Update', 0, '2014-12-21 22:28:13'),
	(1009, 1, 'SELECT * FROM users WHERE idUser = \'12\' AND sessionid = \'ac80af2c53fb3353ae0d536b6954a264\'', 'Select', 0, '2014-12-21 22:28:13'),
	(1010, 1, 'select p.idPay, p.idProd, p.idResponsible, p.price, p.status, pr.description, co.name, re.name from pay p, product pr, company co, responsible re where p.idProd = pr.idProduct and pr.idCompany = co.id', 'Select', 0, '2014-12-21 22:28:14'),
	(1011, 1, 'SELECT * FROM users WHERE idUser = \'12\' AND sessionid = \'ac80af2c53fb3353ae0d536b6954a264\'', 'Select', 0, '2014-12-21 22:28:16'),
	(1012, 1, 'select p.idPay, p.idProd, p.idResponsible, p.price, p.status, pr.description, co.name, re.name from pay p, product pr, company co, responsible re where p.idProd = pr.idProduct and pr.idCompany = co.id', 'Select', 0, '2014-12-21 22:28:16'),
	(1013, 1, 'SELECT * FROM users WHERE idUser = \'12\' AND sessionid = \'ac80af2c53fb3353ae0d536b6954a264\'', 'Select', 0, '2014-12-21 22:28:17'),
	(1014, 1, 'select p.idPay, p.idProd, p.idResponsible, p.price, p.status, pr.description, co.name, re.name from pay p, product pr, company co, responsible re where p.idProd = pr.idProduct and pr.idCompany = co.id', 'Select', 0, '2014-12-21 22:28:17'),
	(1015, 1, 'SELECT * FROM users WHERE idUser = \'12\' AND sessionid = \'ac80af2c53fb3353ae0d536b6954a264\'', 'Select', 0, '2014-12-21 22:28:38'),
	(1016, 1, 'select p.idPay, p.idProd, p.idResponsible, p.price, p.status, pr.description, co.name, re.name from pay p, product pr, company co, responsible re where p.idProd = pr.idProduct and pr.idCompany = co.id', 'Select', 0, '2014-12-21 22:28:38'),
	(1017, 1, 'SELECT * FROM users WHERE idUser = \'12\' AND sessionid = \'ac80af2c53fb3353ae0d536b6954a264\'', 'Select', 0, '2014-12-21 22:28:44'),
	(1018, 1, 'select p.idPay, p.idProd, p.idResponsible, p.price, p.status, pr.description, co.name, re.name from pay p, product pr, company co, responsible re where p.idProd = pr.idProduct and pr.idCompany = co.id', 'Select', 0, '2014-12-21 22:28:44'),
	(1019, 1, 'SELECT * FROM users WHERE idUser = \'12\' AND sessionid = \'ac80af2c53fb3353ae0d536b6954a264\'', 'Select', 0, '2014-12-21 22:28:45'),
	(1020, 1, 'select p.idPay, p.idProd, p.idResponsible, p.price, p.status, pr.description, co.name, re.name from pay p, product pr, company co, responsible re where p.idProd = pr.idProduct and pr.idCompany = co.id', 'Select', 0, '2014-12-21 22:28:45'),
	(1021, 1, 'SELECT * FROM users WHERE idUser = \'12\' AND sessionid = \'ac80af2c53fb3353ae0d536b6954a264\'', 'Select', 0, '2014-12-21 22:28:47'),
	(1022, 1, 'select p.idPay, p.idProd, p.idResponsible, p.price, p.status, pr.description, co.name, re.name from pay p, product pr, company co, responsible re where p.idProd = pr.idProduct and pr.idCompany = co.id', 'Select', 0, '2014-12-21 22:28:47'),
	(1023, 1, 'SELECT * FROM users WHERE idUser = \'12\' AND sessionid = \'ac80af2c53fb3353ae0d536b6954a264\'', 'Select', 0, '2014-12-21 22:28:47'),
	(1024, 1, 'select p.idPay, p.idProd, p.idResponsible, p.price, p.status, pr.description, co.name, re.name from pay p, product pr, company co, responsible re where p.idProd = pr.idProduct and pr.idCompany = co.id', 'Select', 0, '2014-12-21 22:28:47'),
	(1025, 1, 'SELECT * FROM users WHERE idUser = \'12\' AND sessionid = \'ac80af2c53fb3353ae0d536b6954a264\'', 'Select', 0, '2014-12-21 22:28:48'),
	(1026, 1, 'select p.idPay, p.idProd, p.idResponsible, p.price, p.status, pr.description, co.name, re.name from pay p, product pr, company co, responsible re where p.idProd = pr.idProduct and pr.idCompany = co.id', 'Select', 0, '2014-12-21 22:28:48'),
	(1027, 1, 'SELECT * FROM users WHERE idUser = \'12\' AND sessionid = \'ac80af2c53fb3353ae0d536b6954a264\'', 'Select', 0, '2014-12-21 22:28:49'),
	(1028, 1, 'select p.idPay, p.idProd, p.idResponsible, p.price, p.status, pr.description, co.name, re.name from pay p, product pr, company co, responsible re where p.idProd = pr.idProduct and pr.idCompany = co.id', 'Select', 0, '2014-12-21 22:28:49'),
	(1029, 1, 'SELECT * FROM users WHERE idUser = \'12\' AND sessionid = \'ac80af2c53fb3353ae0d536b6954a264\'', 'Select', 0, '2014-12-21 22:28:50'),
	(1030, 1, 'select p.idPay, p.idProd, p.idResponsible, p.price, p.status, pr.description, co.name, re.name from pay p, product pr, company co, responsible re where p.idProd = pr.idProduct and pr.idCompany = co.id', 'Select', 0, '2014-12-21 22:28:50'),
	(1031, 1, 'SELECT * FROM users WHERE idUser = \'12\' AND sessionid = \'ac80af2c53fb3353ae0d536b6954a264\'', 'Select', 0, '2014-12-21 22:31:52'),
	(1032, 1, 'select p.idPay, p.idProd, p.idResponsible, p.price, p.status, pr.description, co.name, re.name from pay p, product pr, company co, responsible re where p.idProd = pr.idProduct and pr.idCompany = co.id', 'Select', 0, '2014-12-21 22:31:52'),
	(1033, 1, 'SELECT * FROM users WHERE idUser = \'12\' AND sessionid = \'ac80af2c53fb3353ae0d536b6954a264\'', 'Select', 0, '2014-12-21 22:31:56'),
	(1034, 1, 'select p.idPay, p.idProd, p.idResponsible, p.price, p.status, pr.description, co.name, re.name from pay p, product pr, company co, responsible re where p.idProd = pr.idProduct and pr.idCompany = co.id', 'Select', 0, '2014-12-21 22:31:56'),
	(1035, 1, 'SELECT * FROM users WHERE idUser = \'12\' AND sessionid = \'ac80af2c53fb3353ae0d536b6954a264\'', 'Select', 0, '2014-12-21 22:34:46'),
	(1036, 1, 'select p.idPay, p.idProd, p.idResponsible, p.price, p.status, pr.description, co.name, re.name from pay p, product pr, company co, responsible re where p.idProd = pr.idProduct and pr.idCompany = co.id', 'Select', 0, '2014-12-21 22:34:46'),
	(1037, 1, 'SELECT * FROM users WHERE idUser = \'12\' AND sessionid = \'ac80af2c53fb3353ae0d536b6954a264\'', 'Select', 0, '2014-12-21 22:37:55'),
	(1038, 1, 'select p.idPay, p.idProd, p.idResponsible, p.price, p.status, pr.description, co.name, re.name from pay p, product pr, company co, responsible re where p.idProd = pr.idProduct and pr.idCompany = co.id', 'Select', 0, '2014-12-21 22:37:55'),
	(1039, 1, 'SELECT * FROM users WHERE idUser = \'12\' AND sessionid = \'ac80af2c53fb3353ae0d536b6954a264\'', 'Select', 0, '2014-12-21 22:39:24'),
	(1040, 1, 'select p.idPay, p.idProd, p.idResponsible, p.price, p.status, pr.description, co.name, re.name from pay p, product pr, company co, responsible re where p.idProd = pr.idProduct and pr.idCompany = co.id', 'Select', 0, '2014-12-21 22:39:24'),
	(1041, 1, 'SELECT * FROM users WHERE idUser = \'12\' AND sessionid = \'ac80af2c53fb3353ae0d536b6954a264\'', 'Select', 0, '2014-12-21 22:40:13'),
	(1042, 1, 'select p.idPay, p.idProd, p.idResponsible, p.price, p.status, pr.description, co.name, re.name from pay p, product pr, company co, responsible re where p.idProd = pr.idProduct and pr.idCompany = co.id', 'Select', 0, '2014-12-21 22:40:13'),
	(1043, 1, 'SELECT * FROM users WHERE idUser = \'12\' AND sessionid = \'ac80af2c53fb3353ae0d536b6954a264\'', 'Select', 0, '2014-12-21 22:40:51'),
	(1044, 1, 'select p.idPay, p.idProd, p.idResponsible, p.price, p.status, pr.description, co.name, re.name from pay p, product pr, company co, responsible re where p.idProd = pr.idProduct and pr.idCompany = co.id', 'Select', 0, '2014-12-21 22:40:51'),
	(1045, 1, 'SELECT * FROM users WHERE idUser = \'12\' AND sessionid = \'ac80af2c53fb3353ae0d536b6954a264\'', 'Select', 0, '2014-12-21 22:40:56'),
	(1046, 1, 'select p.idPay, p.idProd, p.idResponsible, p.price, p.status, pr.description, co.name, re.name from pay p, product pr, company co, responsible re where p.idProd = pr.idProduct and pr.idCompany = co.id', 'Select', 0, '2014-12-21 22:40:56'),
	(1047, 1, 'SELECT * FROM users WHERE idUser = \'12\' AND sessionid = \'ac80af2c53fb3353ae0d536b6954a264\'', 'Select', 0, '2014-12-21 22:40:57'),
	(1048, 1, 'select p.idPay, p.idProd, p.idResponsible, p.price, p.status, pr.description, co.name, re.name from pay p, product pr, company co, responsible re where p.idProd = pr.idProduct and pr.idCompany = co.id', 'Select', 0, '2014-12-21 22:40:57'),
	(1049, 1, 'SELECT * FROM users WHERE idUser = \'12\' AND sessionid = \'ac80af2c53fb3353ae0d536b6954a264\'', 'Select', 0, '2014-12-21 22:40:58'),
	(1050, 1, 'select p.idPay, p.idProd, p.idResponsible, p.price, p.status, pr.description, co.name, re.name from pay p, product pr, company co, responsible re where p.idProd = pr.idProduct and pr.idCompany = co.id', 'Select', 0, '2014-12-21 22:40:58'),
	(1051, 1, 'SELECT * FROM users WHERE idUser = \'12\' AND sessionid = \'ac80af2c53fb3353ae0d536b6954a264\'', 'Select', 0, '2014-12-21 22:41:08'),
	(1052, 1, 'UPDATE pay SET status = \'4\' WHERE idPay =  \'244\'', 'Update', 0, '2014-12-21 22:41:08'),
	(1053, 1, 'SELECT * FROM users WHERE idUser = \'12\' AND sessionid = \'ac80af2c53fb3353ae0d536b6954a264\'', 'Select', 0, '2014-12-21 22:41:09'),
	(1054, 1, 'select p.idPay, p.idProd, p.idResponsible, p.price, p.status, pr.description, co.name, re.name from pay p, product pr, company co, responsible re where p.idProd = pr.idProduct and pr.idCompany = co.id', 'Select', 0, '2014-12-21 22:41:09'),
	(1055, 1, 'SELECT * FROM users WHERE idUser = \'12\' AND sessionid = \'ac80af2c53fb3353ae0d536b6954a264\'', 'Select', 0, '2014-12-21 22:41:10'),
	(1056, 1, 'select p.idPay, p.idProd, p.idResponsible, p.price, p.status, pr.description, co.name, re.name from pay p, product pr, company co, responsible re where p.idProd = pr.idProduct and pr.idCompany = co.id', 'Select', 0, '2014-12-21 22:41:10'),
	(1057, 1, 'SELECT * FROM users WHERE idUser = \'12\' AND sessionid = \'ac80af2c53fb3353ae0d536b6954a264\'', 'Select', 0, '2014-12-21 22:41:28'),
	(1058, 1, 'UPDATE pay SET status = \'2\' WHERE idPay =  \'109\'', 'Update', 0, '2014-12-21 22:41:28'),
	(1059, 1, 'UPDATE pay SET status = \'2\' WHERE idPay =  \'121\'', 'Update', 0, '2014-12-21 22:41:28'),
	(1060, 1, 'UPDATE pay SET status = \'2\' WHERE idPay =  \'133\'', 'Update', 0, '2014-12-21 22:41:28'),
	(1061, 1, 'UPDATE pay SET status = \'2\' WHERE idPay =  \'145\'', 'Update', 0, '2014-12-21 22:41:28'),
	(1062, 1, 'UPDATE pay SET status = \'2\' WHERE idPay =  \'157\'', 'Update', 0, '2014-12-21 22:41:28'),
	(1063, 1, 'UPDATE pay SET status = \'2\' WHERE idPay =  \'169\'', 'Update', 0, '2014-12-21 22:41:29'),
	(1064, 1, 'UPDATE pay SET status = \'2\' WHERE idPay =  \'178\'', 'Update', 0, '2014-12-21 22:41:29'),
	(1065, 1, 'UPDATE pay SET status = \'2\' WHERE idPay =  \'182\'', 'Update', 0, '2014-12-21 22:41:29'),
	(1066, 1, 'SELECT * FROM users WHERE idUser = \'12\' AND sessionid = \'ac80af2c53fb3353ae0d536b6954a264\'', 'Select', 0, '2014-12-21 22:41:29'),
	(1067, 1, 'select p.idPay, p.idProd, p.idResponsible, p.price, p.status, pr.description, co.name, re.name from pay p, product pr, company co, responsible re where p.idProd = pr.idProduct and pr.idCompany = co.id', 'Select', 0, '2014-12-21 22:41:29'),
	(1068, 1, 'SELECT * FROM users WHERE idUser = \'12\' AND sessionid = \'ac80af2c53fb3353ae0d536b6954a264\'', 'Select', 0, '2014-12-21 22:41:45'),
	(1069, 1, 'UPDATE pay SET status = \'2\' WHERE idPay =  \'191\'', 'Update', 0, '2014-12-21 22:41:45'),
	(1070, 1, 'UPDATE pay SET status = \'2\' WHERE idPay =  \'196\'', 'Update', 0, '2014-12-21 22:41:45'),
	(1071, 1, 'SELECT * FROM users WHERE idUser = \'12\' AND sessionid = \'ac80af2c53fb3353ae0d536b6954a264\'', 'Select', 0, '2014-12-21 22:41:45'),
	(1072, 1, 'select p.idPay, p.idProd, p.idResponsible, p.price, p.status, pr.description, co.name, re.name from pay p, product pr, company co, responsible re where p.idProd = pr.idProduct and pr.idCompany = co.id', 'Select', 0, '2014-12-21 22:41:45'),
	(1073, 1, 'SELECT * FROM users WHERE idUser = \'12\' AND sessionid = \'ac80af2c53fb3353ae0d536b6954a264\'', 'Select', 0, '2014-12-21 22:42:44'),
	(1074, 1, 'select p.idPay, p.idProd, p.idResponsible, p.price, p.status, pr.description, co.name, re.name from pay p, product pr, company co, responsible re where p.idProd = pr.idProduct and pr.idCompany = co.id', 'Select', 0, '2014-12-21 22:42:44'),
	(1075, 1, 'SELECT * FROM users WHERE idUser = \'12\' AND sessionid = \'ac80af2c53fb3353ae0d536b6954a264\'', 'Select', 0, '2014-12-21 22:42:55'),
	(1076, 1, 'UPDATE pay SET status = \'4\' WHERE idPay =  \'245\'', 'Update', 0, '2014-12-21 22:42:56'),
	(1077, 1, 'SELECT * FROM users WHERE idUser = \'12\' AND sessionid = \'ac80af2c53fb3353ae0d536b6954a264\'', 'Select', 0, '2014-12-21 22:42:56'),
	(1078, 1, 'select p.idPay, p.idProd, p.idResponsible, p.price, p.status, pr.description, co.name, re.name from pay p, product pr, company co, responsible re where p.idProd = pr.idProduct and pr.idCompany = co.id', 'Select', 0, '2014-12-21 22:42:56'),
	(1079, 1, 'SELECT * FROM users WHERE idUser = \'12\' AND sessionid = \'ac80af2c53fb3353ae0d536b6954a264\'', 'Select', 0, '2014-12-21 22:42:57'),
	(1080, 1, 'select p.idPay, p.idProd, p.idResponsible, p.price, p.status, pr.description, co.name, re.name from pay p, product pr, company co, responsible re where p.idProd = pr.idProduct and pr.idCompany = co.id', 'Select', 0, '2014-12-21 22:42:57'),
	(1081, 1, 'SELECT * FROM users WHERE idUser = \'12\' AND sessionid = \'ac80af2c53fb3353ae0d536b6954a264\'', 'Select', 0, '2014-12-21 22:43:28'),
	(1082, 1, 'UPDATE pay SET status = \'4\' WHERE idPay =  \'197\'', 'Update', 0, '2014-12-21 22:43:28'),
	(1083, 1, 'UPDATE pay SET status = \'4\' WHERE idPay =  \'262\'', 'Update', 0, '2014-12-21 22:43:28'),
	(1084, 1, 'SELECT * FROM users WHERE idUser = \'12\' AND sessionid = \'ac80af2c53fb3353ae0d536b6954a264\'', 'Select', 0, '2014-12-21 22:43:28'),
	(1085, 1, 'select p.idPay, p.idProd, p.idResponsible, p.price, p.status, pr.description, co.name, re.name from pay p, product pr, company co, responsible re where p.idProd = pr.idProduct and pr.idCompany = co.id', 'Select', 0, '2014-12-21 22:43:28'),
	(1086, 1, 'SELECT * FROM users WHERE idUser = \'12\' AND sessionid = \'ac80af2c53fb3353ae0d536b6954a264\'', 'Select', 0, '2014-12-21 22:43:29'),
	(1087, 1, 'select p.idPay, p.idProd, p.idResponsible, p.price, p.status, pr.description, co.name, re.name from pay p, product pr, company co, responsible re where p.idProd = pr.idProduct and pr.idCompany = co.id', 'Select', 0, '2014-12-21 22:43:29'),
	(1088, 1, 'SELECT * FROM users WHERE idUser = \'12\' AND sessionid = \'ac80af2c53fb3353ae0d536b6954a264\'', 'Select', 0, '2014-12-21 22:43:31'),
	(1089, 1, 'select p.idPay, p.idProd, p.idResponsible, p.price, p.status, pr.description, co.name, re.name from pay p, product pr, company co, responsible re where p.idProd = pr.idProduct and pr.idCompany = co.id', 'Select', 0, '2014-12-21 22:43:31'),
	(1090, 1, 'SELECT * FROM users WHERE idUser = \'12\' AND sessionid = \'ac80af2c53fb3353ae0d536b6954a264\'', 'Select', 0, '2014-12-21 22:43:39'),
	(1091, 1, 'select p.idPay, p.idProd, p.idResponsible, p.price, p.status, pr.description, co.name, re.name from pay p, product pr, company co, responsible re where p.idProd = pr.idProduct and pr.idCompany = co.id', 'Select', 0, '2014-12-21 22:43:39'),
	(1092, 1, 'SELECT * FROM users WHERE idUser = \'12\' AND sessionid = \'ac80af2c53fb3353ae0d536b6954a264\'', 'Select', 0, '2014-12-21 22:43:39'),
	(1093, 1, 'select p.idPay, p.idProd, p.idResponsible, p.price, p.status, pr.description, co.name, re.name from pay p, product pr, company co, responsible re where p.idProd = pr.idProduct and pr.idCompany = co.id', 'Select', 0, '2014-12-21 22:43:39'),
	(1094, 1, 'SELECT * FROM users WHERE idUser = \'12\' AND sessionid = \'ac80af2c53fb3353ae0d536b6954a264\'', 'Select', 0, '2014-12-21 22:43:40'),
	(1095, 1, 'select p.idPay, p.idProd, p.idResponsible, p.price, p.status, pr.description, co.name, re.name from pay p, product pr, company co, responsible re where p.idProd = pr.idProduct and pr.idCompany = co.id', 'Select', 0, '2014-12-21 22:43:41'),
	(1096, 1, 'SELECT * FROM users WHERE idUser = \'12\' AND sessionid = \'ac80af2c53fb3353ae0d536b6954a264\'', 'Select', 0, '2014-12-21 22:43:41'),
	(1097, 1, 'select p.idPay, p.idProd, p.idResponsible, p.price, p.status, pr.description, co.name, re.name from pay p, product pr, company co, responsible re where p.idProd = pr.idProduct and pr.idCompany = co.id', 'Select', 0, '2014-12-21 22:43:41'),
	(1098, 1, 'SELECT * FROM users WHERE idUser = \'12\' AND sessionid = \'ac80af2c53fb3353ae0d536b6954a264\'', 'Select', 0, '2014-12-21 22:45:04'),
	(1099, 1, 'select p.idPay, p.idProd, p.idResponsible, p.price, p.status, pr.description, co.name, re.name from pay p, product pr, company co, responsible re where p.idProd = pr.idProduct and pr.idCompany = co.id', 'Select', 0, '2014-12-21 22:45:04'),
	(1100, 1, 'SELECT * FROM users WHERE idUser = \'12\' AND sessionid = \'ac80af2c53fb3353ae0d536b6954a264\'', 'Select', 0, '2014-12-21 22:45:04'),
	(1101, 1, 'select p.idPay, p.idProd, p.idResponsible, p.price, p.status, pr.description, co.name, re.name from pay p, product pr, company co, responsible re where p.idProd = pr.idProduct and pr.idCompany = co.id', 'Select', 0, '2014-12-21 22:45:04'),
	(1102, 1, 'SELECT * FROM users WHERE idUser = \'12\' AND sessionid = \'ac80af2c53fb3353ae0d536b6954a264\'', 'Select', 0, '2014-12-21 22:45:04'),
	(1103, 1, 'select p.idPay, p.idProd, p.idResponsible, p.price, p.status, pr.description, co.name, re.name from pay p, product pr, company co, responsible re where p.idProd = pr.idProduct and pr.idCompany = co.id', 'Select', 0, '2014-12-21 22:45:05'),
	(1104, 1, 'SELECT * FROM users WHERE idUser = \'12\' AND sessionid = \'ac80af2c53fb3353ae0d536b6954a264\'', 'Select', 0, '2014-12-21 22:45:05'),
	(1105, 1, 'select p.idPay, p.idProd, p.idResponsible, p.price, p.status, pr.description, co.name, re.name from pay p, product pr, company co, responsible re where p.idProd = pr.idProduct and pr.idCompany = co.id', 'Select', 0, '2014-12-21 22:45:05'),
	(1106, 1, 'SELECT * FROM users WHERE idUser = \'12\' AND sessionid = \'ac80af2c53fb3353ae0d536b6954a264\'', 'Select', 0, '2014-12-21 22:45:05'),
	(1107, 1, 'select p.idPay, p.idProd, p.idResponsible, p.price, p.status, pr.description, co.name, re.name from pay p, product pr, company co, responsible re where p.idProd = pr.idProduct and pr.idCompany = co.id', 'Select', 0, '2014-12-21 22:45:05'),
	(1108, 1, 'SELECT * FROM users WHERE idUser = \'12\' AND sessionid = \'ac80af2c53fb3353ae0d536b6954a264\'', 'Select', 0, '2014-12-21 22:45:05'),
	(1109, 1, 'select p.idPay, p.idProd, p.idResponsible, p.price, p.status, pr.description, co.name, re.name from pay p, product pr, company co, responsible re where p.idProd = pr.idProduct and pr.idCompany = co.id', 'Select', 0, '2014-12-21 22:45:05'),
	(1110, 1, 'SELECT * FROM users WHERE idUser = \'12\' AND sessionid = \'ac80af2c53fb3353ae0d536b6954a264\'', 'Select', 0, '2014-12-21 22:45:06'),
	(1111, 1, 'select p.idPay, p.idProd, p.idResponsible, p.price, p.status, pr.description, co.name, re.name from pay p, product pr, company co, responsible re where p.idProd = pr.idProduct and pr.idCompany = co.id', 'Select', 0, '2014-12-21 22:45:06'),
	(1112, 1, 'SELECT * FROM users WHERE idUser = \'12\' AND sessionid = \'ac80af2c53fb3353ae0d536b6954a264\'', 'Select', 0, '2014-12-21 22:45:06'),
	(1113, 1, 'select p.idPay, p.idProd, p.idResponsible, p.price, p.status, pr.description, co.name, re.name from pay p, product pr, company co, responsible re where p.idProd = pr.idProduct and pr.idCompany = co.id', 'Select', 0, '2014-12-21 22:45:06'),
	(1114, 1, 'SELECT * FROM users WHERE idUser = \'12\' AND sessionid = \'ac80af2c53fb3353ae0d536b6954a264\'', 'Select', 0, '2014-12-21 22:45:06'),
	(1115, 1, 'select p.idPay, p.idProd, p.idResponsible, p.price, p.status, pr.description, co.name, re.name from pay p, product pr, company co, responsible re where p.idProd = pr.idProduct and pr.idCompany = co.id', 'Select', 0, '2014-12-21 22:45:06'),
	(1116, 1, 'SELECT * FROM users WHERE idUser = \'12\' AND sessionid = \'ac80af2c53fb3353ae0d536b6954a264\'', 'Select', 0, '2014-12-21 22:45:06'),
	(1117, 1, 'select p.idPay, p.idProd, p.idResponsible, p.price, p.status, pr.description, co.name, re.name from pay p, product pr, company co, responsible re where p.idProd = pr.idProduct and pr.idCompany = co.id', 'Select', 0, '2014-12-21 22:45:06'),
	(1118, 1, 'SELECT * FROM users WHERE idUser = \'12\' AND sessionid = \'ac80af2c53fb3353ae0d536b6954a264\'', 'Select', 0, '2014-12-21 22:45:06'),
	(1119, 1, 'select p.idPay, p.idProd, p.idResponsible, p.price, p.status, pr.description, co.name, re.name from pay p, product pr, company co, responsible re where p.idProd = pr.idProduct and pr.idCompany = co.id', 'Select', 0, '2014-12-21 22:45:06'),
	(1120, 1, 'SELECT * FROM users WHERE idUser = \'12\' AND sessionid = \'ac80af2c53fb3353ae0d536b6954a264\'', 'Select', 0, '2014-12-21 22:45:06'),
	(1121, 1, 'select p.idPay, p.idProd, p.idResponsible, p.price, p.status, pr.description, co.name, re.name from pay p, product pr, company co, responsible re where p.idProd = pr.idProduct and pr.idCompany = co.id', 'Select', 0, '2014-12-21 22:45:06'),
	(1122, 1, 'SELECT * FROM users WHERE idUser = \'12\' AND sessionid = \'ac80af2c53fb3353ae0d536b6954a264\'', 'Select', 0, '2014-12-21 22:47:44'),
	(1123, 1, 'select p.idPay, p.idProd, p.idResponsible, p.price, p.status, pr.description, co.name, re.name from pay p, product pr, company co, responsible re where p.idProd = pr.idProduct and pr.idCompany = co.id', 'Select', 0, '2014-12-21 22:47:44'),
	(1124, 1, 'SELECT * FROM users WHERE idUser = \'12\' AND sessionid = \'ac80af2c53fb3353ae0d536b6954a264\'', 'Select', 0, '2014-12-21 22:48:48'),
	(1125, 1, 'select p.idPay, p.idProd, p.idResponsible, p.price, p.status, pr.description, co.name, re.name from pay p, product pr, company co, responsible re where p.idProd = pr.idProduct and pr.idCompany = co.id', 'Select', 0, '2014-12-21 22:48:48'),
	(1126, 1, 'SELECT * FROM users WHERE idUser = \'12\' AND sessionid = \'ac80af2c53fb3353ae0d536b6954a264\'', 'Select', 0, '2014-12-21 22:49:24'),
	(1127, 1, 'select p.idPay, p.idProd, p.idResponsible, p.price, p.status, pr.description, co.name, re.name from pay p, product pr, company co, responsible re where p.idProd = pr.idProduct and pr.idCompany = co.id', 'Select', 0, '2014-12-21 22:49:24'),
	(1128, 1, 'SELECT * FROM users WHERE idUser = \'12\' AND sessionid = \'ac80af2c53fb3353ae0d536b6954a264\'', 'Select', 0, '2014-12-21 22:51:05'),
	(1129, 1, 'select p.idPay, p.idProd, p.idResponsible, p.price, p.status, pr.description, co.name, re.name from pay p, product pr, company co, responsible re where p.idProd = pr.idProduct and pr.idCompany = co.id', 'Select', 0, '2014-12-21 22:51:05'),
	(1130, 1, 'SELECT * FROM users WHERE idUser = \'12\' AND sessionid = \'ac80af2c53fb3353ae0d536b6954a264\'', 'Select', 0, '2014-12-21 22:55:13'),
	(1131, 1, 'select p.idPay, p.idProd, p.idResponsible, p.price, p.status, pr.description, co.name, re.name from pay p, product pr, company co, responsible re where p.idProd = pr.idProduct and pr.idCompany = co.id', 'Select', 0, '2014-12-21 22:55:13'),
	(1132, 1, 'SELECT * FROM users WHERE idUser = \'12\' AND sessionid = \'ac80af2c53fb3353ae0d536b6954a264\'', 'Select', 0, '2014-12-21 22:55:18'),
	(1133, 1, 'select p.idPay, p.idProd, p.idResponsible, p.price, p.status, pr.description, co.name, re.name from pay p, product pr, company co, responsible re where p.idProd = pr.idProduct and pr.idCompany = co.id', 'Select', 0, '2014-12-21 22:55:18'),
	(1134, 1, 'SELECT * FROM users WHERE idUser = \'12\' AND sessionid = \'ac80af2c53fb3353ae0d536b6954a264\'', 'Select', 0, '2014-12-21 22:55:22'),
	(1135, 1, 'select p.idPay, p.idProd, p.idResponsible, p.price, p.status, pr.description, co.name, re.name from pay p, product pr, company co, responsible re where p.idProd = pr.idProduct and pr.idCompany = co.id', 'Select', 0, '2014-12-21 22:55:22'),
	(1136, 1, 'SELECT * FROM users WHERE idUser = \'12\' AND sessionid = \'ac80af2c53fb3353ae0d536b6954a264\'', 'Select', 0, '2014-12-21 22:56:04'),
	(1137, 1, 'select p.idPay, p.idProd, p.idResponsible, p.price, p.status, pr.description, co.name, re.name from pay p, product pr, company co, responsible re where p.idProd = pr.idProduct and pr.idCompany = co.id', 'Select', 0, '2014-12-21 22:56:04'),
	(1138, 1, 'SELECT idUser, user, password FROM users WHERE user = \'erwin\' AND password = \'13d85714ac4f21ecda59310b6a11cb92\'', 'Select', 0, '2014-12-23 00:02:58'),
	(1139, 1, 'UPDATE users SET  sessionid = \'43d5eb260ffd4e824ae0d1a576421ee4\' WHERE idUser = \'12\'', 'Update', 0, '2014-12-23 00:02:58'),
	(1140, 1, 'SELECT * FROM users WHERE idUser = \'12\' AND sessionid = \'43d5eb260ffd4e824ae0d1a576421ee4\'', 'Select', 0, '2014-12-23 00:02:58'),
	(1141, 1, 'select p.idPay, p.idProd, p.idResponsible, p.price, p.status, pr.description, co.name, re.name from pay p, product pr, company co, responsible re where p.idProd = pr.idProduct and pr.idCompany = co.id', 'Select', 0, '2014-12-23 00:02:58'),
	(1142, 1, 'SELECT * FROM users WHERE idUser = \'12\' AND sessionid = \'43d5eb260ffd4e824ae0d1a576421ee4\'', 'Select', 0, '2014-12-23 00:03:05'),
	(1143, 1, 'select p.idPay, p.idProd, p.idResponsible, p.price, p.status, pr.description, co.name, re.name from pay p, product pr, company co, responsible re where p.idProd = pr.idProduct and pr.idCompany = co.id', 'Select', 0, '2014-12-23 00:03:05'),
	(1144, 1, 'SELECT * FROM users WHERE idUser = \'12\' AND sessionid = \'43d5eb260ffd4e824ae0d1a576421ee4\'', 'Select', 0, '2014-12-23 00:03:11'),
	(1145, 1, 'UPDATE pay SET status = \'2\' WHERE idPay =  \'242\'', 'Update', 0, '2014-12-23 00:03:11'),
	(1146, 1, 'UPDATE pay SET status = \'2\' WHERE idPay =  \'244\'', 'Update', 0, '2014-12-23 00:03:12'),
	(1147, 1, 'SELECT * FROM users WHERE idUser = \'12\' AND sessionid = \'43d5eb260ffd4e824ae0d1a576421ee4\'', 'Select', 0, '2014-12-23 00:03:12'),
	(1148, 1, 'select p.idPay, p.idProd, p.idResponsible, p.price, p.status, pr.description, co.name, re.name from pay p, product pr, company co, responsible re where p.idProd = pr.idProduct and pr.idCompany = co.id', 'Select', 0, '2014-12-23 00:03:12'),
	(1149, 1, 'SELECT * FROM users WHERE idUser = \'12\' AND sessionid = \'43d5eb260ffd4e824ae0d1a576421ee4\'', 'Select', 0, '2014-12-23 00:03:16'),
	(1150, 1, 'select p.idPay, p.idProd, p.idResponsible, p.price, p.status, pr.description, co.name, re.name from pay p, product pr, company co, responsible re where p.idProd = pr.idProduct and pr.idCompany = co.id', 'Select', 0, '2014-12-23 00:03:16'),
	(1151, 1, 'SELECT * FROM users WHERE idUser = \'12\' AND sessionid = \'43d5eb260ffd4e824ae0d1a576421ee4\'', 'Select', 0, '2014-12-23 00:03:31'),
	(1152, 1, 'UPDATE pay SET status = \'2\' WHERE idPay =  \'216\'', 'Update', 0, '2014-12-23 00:03:31'),
	(1153, 1, 'UPDATE pay SET status = \'2\' WHERE idPay =  \'219\'', 'Update', 0, '2014-12-23 00:03:31'),
	(1154, 1, 'SELECT * FROM users WHERE idUser = \'12\' AND sessionid = \'43d5eb260ffd4e824ae0d1a576421ee4\'', 'Select', 0, '2014-12-23 00:03:31'),
	(1155, 1, 'select p.idPay, p.idProd, p.idResponsible, p.price, p.status, pr.description, co.name, re.name from pay p, product pr, company co, responsible re where p.idProd = pr.idProduct and pr.idCompany = co.id', 'Select', 0, '2014-12-23 00:03:31'),
	(1156, 1, 'SELECT * FROM users WHERE idUser = \'12\' AND sessionid = \'43d5eb260ffd4e824ae0d1a576421ee4\'', 'Select', 0, '2014-12-23 00:14:58'),
	(1157, 1, 'select p.idPay, p.idProd, p.idResponsible, p.price, p.status, pr.description, co.name, re.name from pay p, product pr, company co, responsible re where p.idProd = pr.idProduct and pr.idCompany = co.id', 'Select', 0, '2014-12-23 00:14:58');
/*!40000 ALTER TABLE `log` ENABLE KEYS */;


-- Dumping structure for table pays.pay
DROP TABLE IF EXISTS `pay`;
CREATE TABLE IF NOT EXISTS `pay` (
  `idPay` int(10) NOT NULL AUTO_INCREMENT,
  `idProd` int(10) NOT NULL,
  `idResponsible` int(11) NOT NULL,
  `price` double NOT NULL,
  `status` int(10) NOT NULL,
  `month` int(10) NOT NULL,
  `year` int(10) NOT NULL DEFAULT '0',
  `expiration` date DEFAULT NULL,
  KEY `Índice 1` (`idPay`)
) ENGINE=InnoDB AUTO_INCREMENT=264 DEFAULT CHARSET=utf8 COLLATE=utf8_spanish_ci;

-- Dumping data for table pays.pay: ~149 rows (approximately)
DELETE FROM `pay`;
/*!40000 ALTER TABLE `pay` DISABLE KEYS */;
INSERT INTO `pay` (`idPay`, `idProd`, `idResponsible`, `price`, `status`, `month`, `year`, `expiration`) VALUES
	(109, 13, 13, 200, 2, 12, 2014, NULL),
	(110, 13, 13, 200, 1, 1, 2015, NULL),
	(111, 13, 13, 200, 1, 2, 2015, NULL),
	(112, 13, 13, 200, 1, 3, 2015, NULL),
	(113, 13, 13, 200, 1, 4, 2015, NULL),
	(114, 13, 13, 200, 1, 5, 2015, NULL),
	(115, 13, 13, 200, 1, 6, 2015, NULL),
	(116, 13, 13, 200, 1, 7, 2015, NULL),
	(117, 13, 13, 200, 1, 8, 2015, NULL),
	(118, 13, 13, 200, 1, 9, 2015, NULL),
	(119, 13, 13, 200, 1, 10, 2015, NULL),
	(120, 13, 13, 200, 1, 11, 2015, NULL),
	(121, 14, 13, 600, 2, 12, 2014, NULL),
	(122, 14, 13, 600, 1, 1, 2015, NULL),
	(123, 14, 13, 733, 1, 2, 2015, NULL),
	(124, 14, 13, 733, 1, 3, 2015, NULL),
	(125, 14, 13, 733, 1, 4, 2015, NULL),
	(126, 14, 13, 733, 1, 5, 2015, NULL),
	(127, 14, 13, 733, 1, 6, 2015, NULL),
	(128, 14, 13, 733, 1, 7, 2015, NULL),
	(129, 14, 13, 733, 1, 8, 2015, NULL),
	(130, 14, 13, 733, 1, 9, 2015, NULL),
	(131, 14, 13, 733, 1, 10, 2015, NULL),
	(132, 14, 13, 733, 1, 11, 2015, NULL),
	(133, 15, 13, 114, 2, 12, 2014, NULL),
	(134, 15, 13, 114, 1, 1, 2015, NULL),
	(135, 15, 13, 114, 1, 2, 2015, NULL),
	(136, 15, 13, 114, 1, 3, 2015, NULL),
	(137, 15, 13, 114, 1, 4, 2015, NULL),
	(138, 15, 13, 114, 1, 5, 2015, NULL),
	(139, 15, 13, 114, 1, 6, 2015, NULL),
	(140, 15, 13, 114, 1, 7, 2015, NULL),
	(141, 15, 13, 114, 1, 8, 2015, NULL),
	(142, 15, 13, 114, 1, 9, 2015, NULL),
	(143, 15, 13, 114, 1, 10, 2015, NULL),
	(144, 15, 13, 114, 1, 11, 2015, NULL),
	(145, 16, 13, 30, 2, 12, 2014, NULL),
	(146, 16, 13, 30, 1, 1, 2015, NULL),
	(147, 16, 13, 30, 1, 2, 2015, NULL),
	(148, 16, 13, 30, 1, 3, 2015, NULL),
	(149, 16, 13, 30, 1, 4, 2015, NULL),
	(150, 16, 13, 30, 1, 5, 2015, NULL),
	(151, 16, 13, 30, 1, 6, 2015, NULL),
	(152, 16, 13, 15, 1, 7, 2015, NULL),
	(153, 16, 13, 15, 1, 8, 2015, NULL),
	(154, 16, 13, 15, 1, 9, 2015, NULL),
	(155, 16, 13, 15, 1, 10, 2015, NULL),
	(156, 16, 13, 15, 1, 11, 2015, NULL),
	(157, 17, 13, 30, 2, 12, 2014, NULL),
	(158, 17, 13, 30, 1, 1, 2015, NULL),
	(159, 17, 13, 30, 1, 2, 2015, NULL),
	(160, 17, 13, 30, 1, 3, 2015, NULL),
	(161, 17, 13, 30, 1, 4, 2015, NULL),
	(162, 17, 13, 30, 1, 5, 2015, NULL),
	(163, 17, 13, 30, 1, 6, 2015, NULL),
	(164, 17, 13, 30, 1, 7, 2015, NULL),
	(165, 17, 13, 30, 1, 8, 2015, NULL),
	(166, 17, 13, 30, 1, 9, 2015, NULL),
	(167, 17, 13, 30, 1, 10, 2015, NULL),
	(168, 17, 13, 30, 1, 11, 2015, NULL),
	(169, 18, 13, 90, 2, 12, 2014, NULL),
	(170, 18, 13, 90, 1, 1, 2015, NULL),
	(171, 18, 13, 90, 1, 2, 2015, NULL),
	(172, 18, 13, 90, 1, 3, 2015, NULL),
	(173, 18, 13, 90, 1, 4, 2015, NULL),
	(174, 18, 13, 90, 1, 5, 2015, NULL),
	(175, 18, 13, 90, 1, 6, 2015, NULL),
	(176, 18, 13, 90, 1, 7, 2015, NULL),
	(177, 18, 13, 90, 1, 8, 2015, NULL),
	(178, 19, 13, 31.79, 2, 12, 2014, NULL),
	(179, 19, 13, 31.79, 1, 1, 2015, NULL),
	(180, 19, 13, 31.79, 1, 2, 2015, NULL),
	(181, 19, 13, 31.79, 1, 3, 2015, NULL),
	(182, 20, 13, 144.08, 2, 12, 2014, NULL),
	(183, 20, 13, 144.08, 1, 1, 2015, NULL),
	(184, 20, 13, 144.08, 1, 2, 2015, NULL),
	(185, 20, 13, 144.08, 1, 3, 2015, NULL),
	(186, 20, 13, 144.08, 1, 4, 2015, NULL),
	(187, 20, 13, 144.08, 1, 5, 2015, NULL),
	(188, 20, 13, 144.08, 1, 6, 2015, NULL),
	(189, 20, 13, 144.08, 1, 7, 2015, NULL),
	(190, 20, 13, 144.08, 1, 8, 2015, NULL),
	(191, 21, 14, 278.22, 2, 12, 2014, NULL),
	(192, 21, 14, 278.22, 5, 1, 2015, NULL),
	(193, 21, 14, 278.22, 5, 2, 2015, NULL),
	(194, 21, 14, 278.22, 5, 3, 2015, NULL),
	(195, 21, 14, 278.22, 5, 4, 2015, NULL),
	(196, 22, 14, 408, 2, 12, 2014, NULL),
	(197, 22, 14, 408, 4, 1, 2015, NULL),
	(198, 22, 14, 408, 5, 2, 2015, NULL),
	(199, 22, 14, 408, 5, 3, 2015, NULL),
	(200, 22, 14, 408, 5, 4, 2015, NULL),
	(201, 22, 14, 408, 5, 5, 2015, NULL),
	(202, 23, 13, 321.79, 1, 1, 2015, NULL),
	(203, 23, 13, 321.79, 1, 2, 2015, NULL),
	(204, 24, 13, 75, 1, 1, 2015, NULL),
	(205, 24, 13, 75, 1, 2, 2015, NULL),
	(206, 25, 13, 300, 1, 1, 2015, NULL),
	(207, 25, 13, 700, 1, 2, 2015, NULL),
	(208, 25, 13, 1000, 1, 3, 2015, NULL),
	(209, 25, 13, 2000, 1, 4, 2015, NULL),
	(210, 25, 13, 2000, 1, 5, 2015, NULL),
	(211, 25, 13, 2000, 1, 6, 2015, NULL),
	(212, 25, 13, 3000, 1, 7, 2015, NULL),
	(213, 25, 13, 3000, 1, 8, 2015, NULL),
	(214, 25, 13, 3000, 1, 9, 2015, NULL),
	(215, 25, 13, 3000, 1, 10, 2015, NULL),
	(216, 26, 13, 480, 2, 12, 2014, NULL),
	(217, 26, 13, 480, 1, 1, 2015, NULL),
	(218, 26, 13, 480, 1, 2, 2015, NULL),
	(219, 27, 13, 695, 2, 12, 2014, NULL),
	(220, 27, 13, 695, 1, 1, 2015, NULL),
	(221, 27, 13, 695, 1, 2, 2015, NULL),
	(222, 27, 13, 695, 1, 3, 2015, NULL),
	(223, 27, 13, 695, 1, 4, 2015, NULL),
	(224, 27, 13, 695, 1, 5, 2015, NULL),
	(225, 27, 13, 695, 1, 6, 2015, NULL),
	(226, 27, 13, 695, 1, 7, 2015, NULL),
	(227, 27, 13, 695, 1, 8, 2015, NULL),
	(228, 27, 13, 695, 1, 9, 2015, NULL),
	(229, 27, 13, 695, 1, 10, 2015, NULL),
	(230, 27, 13, 695, 1, 11, 2015, NULL),
	(231, 27, 13, 695, 1, 12, 2015, NULL),
	(232, 27, 13, 695, 1, 1, 2016, NULL),
	(233, 27, 13, 695, 1, 2, 2016, NULL),
	(234, 27, 13, 695, 1, 3, 2016, NULL),
	(235, 27, 13, 695, 1, 4, 2016, NULL),
	(236, 27, 13, 695, 1, 5, 2016, NULL),
	(237, 27, 13, 695, 1, 6, 2016, NULL),
	(238, 27, 13, 695, 1, 7, 2016, NULL),
	(239, 27, 13, 695, 1, 8, 2016, NULL),
	(240, 27, 13, 695, 1, 9, 2016, NULL),
	(241, 27, 13, 695, 1, 10, 2016, NULL),
	(242, 28, 13, 116.7, 2, 11, 2014, NULL),
	(243, 28, 13, 116.7, 1, 12, 2014, NULL),
	(244, 29, 15, 1250, 2, 11, 2014, NULL),
	(245, 29, 15, 1250, 4, 12, 2014, NULL),
	(246, 30, 13, 378, 1, 1, 2015, NULL),
	(247, 30, 13, 378, 1, 2, 2015, NULL),
	(248, 30, 13, 378, 1, 3, 2015, NULL),
	(249, 30, 13, 378, 1, 4, 2015, NULL),
	(250, 30, 13, 378, 1, 5, 2015, NULL),
	(251, 30, 13, 378, 1, 6, 2015, NULL),
	(252, 31, 13, 51.5, 1, 1, 2015, NULL),
	(253, 31, 13, 51.5, 1, 2, 2015, NULL),
	(254, 31, 13, 51.5, 1, 3, 2015, NULL),
	(255, 32, 13, 264.14, 1, 1, 2015, NULL),
	(256, 32, 13, 264.14, 1, 2, 2015, NULL),
	(257, 32, 13, 264.14, 1, 3, 2015, NULL),
	(258, 33, 13, 174.81, 1, 1, 2015, NULL),
	(259, 33, 13, 174.81, 1, 2, 2015, NULL),
	(260, 34, 13, 226.5, 1, 1, 2015, NULL),
	(261, 34, 13, 226.5, 1, 2, 2015, NULL),
	(262, 35, 15, 226.5, 4, 1, 2015, NULL),
	(263, 35, 15, 226.5, 5, 2, 2015, NULL);
/*!40000 ALTER TABLE `pay` ENABLE KEYS */;


-- Dumping structure for table pays.permission
DROP TABLE IF EXISTS `permission`;
CREATE TABLE IF NOT EXISTS `permission` (
  `idPermission` int(10) NOT NULL AUTO_INCREMENT,
  `description` varchar(50) COLLATE utf8_spanish_ci NOT NULL,
  `permission` int(10) NOT NULL,
  KEY `Índice 1` (`idPermission`)
) ENGINE=InnoDB AUTO_INCREMENT=3 DEFAULT CHARSET=utf8 COLLATE=utf8_spanish_ci;

-- Dumping data for table pays.permission: ~2 rows (approximately)
DELETE FROM `permission`;
/*!40000 ALTER TABLE `permission` DISABLE KEYS */;
INSERT INTO `permission` (`idPermission`, `description`, `permission`) VALUES
	(1, 'addcompany', 1),
	(2, 'give permission', 2);
/*!40000 ALTER TABLE `permission` ENABLE KEYS */;


-- Dumping structure for table pays.product
DROP TABLE IF EXISTS `product`;
CREATE TABLE IF NOT EXISTS `product` (
  `idProduct` int(10) NOT NULL AUTO_INCREMENT,
  `description` varchar(100) COLLATE utf8_spanish_ci NOT NULL,
  `idUser` int(11) NOT NULL,
  `idCompany` int(10) NOT NULL,
  KEY `Índice 1` (`idProduct`)
) ENGINE=InnoDB AUTO_INCREMENT=36 DEFAULT CHARSET=utf8 COLLATE=utf8_spanish_ci;

-- Dumping data for table pays.product: ~21 rows (approximately)
DELETE FROM `product`;
/*!40000 ALTER TABLE `product` DISABLE KEYS */;
INSERT INTO `product` (`idProduct`, `description`, `idUser`, `idCompany`) VALUES
	(13, 'Abono', 12, 5),
	(14, 'Alquiler', 12, 5),
	(15, 'Internet', 12, 5),
	(16, 'Luz', 12, 5),
	(17, 'Gas', 12, 5),
	(18, 'Uso', 12, 1),
	(19, 'Neva Plan', 12, 1),
	(20, 'Horno', 12, 1),
	(21, 'Natti Neva', 12, 1),
	(22, 'Natti Visa', 12, 1),
	(23, 'Neva', 12, 1),
	(24, 'Ni idea', 12, 1),
	(25, 'Ahorros', 12, 6),
	(26, 'Cel Natti', 12, 3),
	(27, 'Aire', 12, 3),
	(28, 'Afeitadora', 12, 4),
	(29, 'Aire', 12, 4),
	(30, 'Celular', 12, 7),
	(31, 'Auriculares', 12, 7),
	(32, 'Parlantes', 12, 7),
	(33, 'Zeta', 12, 7),
	(34, 'Licuadora', 12, 7),
	(35, 'Cafetera', 12, 7);
/*!40000 ALTER TABLE `product` ENABLE KEYS */;


-- Dumping structure for table pays.responsible
DROP TABLE IF EXISTS `responsible`;
CREATE TABLE IF NOT EXISTS `responsible` (
  `idResponsible` int(10) NOT NULL AUTO_INCREMENT,
  `name` varchar(50) COLLATE utf8_spanish_ci NOT NULL,
  `idUser` int(10) NOT NULL,
  KEY `Índice 1` (`idResponsible`)
) ENGINE=InnoDB AUTO_INCREMENT=16 DEFAULT CHARSET=utf8 COLLATE=utf8_spanish_ci;

-- Dumping data for table pays.responsible: ~2 rows (approximately)
DELETE FROM `responsible`;
/*!40000 ALTER TABLE `responsible` DISABLE KEYS */;
INSERT INTO `responsible` (`idResponsible`, `name`, `idUser`) VALUES
	(13, 'YO', 12),
	(14, 'Natti', 12),
	(15, 'Ricardo', 12);
/*!40000 ALTER TABLE `responsible` ENABLE KEYS */;


-- Dumping structure for table pays.users
DROP TABLE IF EXISTS `users`;
CREATE TABLE IF NOT EXISTS `users` (
  `idUser` int(10) NOT NULL AUTO_INCREMENT,
  `user` varchar(50) COLLATE utf8_spanish_ci DEFAULT NULL,
  `password` varchar(50) COLLATE utf8_spanish_ci DEFAULT NULL,
  `name` varchar(50) COLLATE utf8_spanish_ci DEFAULT NULL,
  `sessionid` varchar(50) COLLATE utf8_spanish_ci DEFAULT NULL,
  PRIMARY KEY (`idUser`)
) ENGINE=InnoDB AUTO_INCREMENT=13 DEFAULT CHARSET=utf8 COLLATE=utf8_spanish_ci;

-- Dumping data for table pays.users: ~1 rows (approximately)
DELETE FROM `users`;
/*!40000 ALTER TABLE `users` DISABLE KEYS */;
INSERT INTO `users` (`idUser`, `user`, `password`, `name`, `sessionid`) VALUES
	(12, 'erwin', '13d85714ac4f21ecda59310b6a11cb92', 'Erwin', '43d5eb260ffd4e824ae0d1a576421ee4');
/*!40000 ALTER TABLE `users` ENABLE KEYS */;


-- Dumping structure for table pays.users_permission
DROP TABLE IF EXISTS `users_permission`;
CREATE TABLE IF NOT EXISTS `users_permission` (
  `idUserPermission` int(10) NOT NULL AUTO_INCREMENT,
  `idUser` int(10) NOT NULL,
  `idPermission` int(10) NOT NULL,
  KEY `Índice 1` (`idUserPermission`)
) ENGINE=InnoDB AUTO_INCREMENT=3 DEFAULT CHARSET=utf8 COLLATE=utf8_spanish_ci;

-- Dumping data for table pays.users_permission: ~2 rows (approximately)
DELETE FROM `users_permission`;
/*!40000 ALTER TABLE `users_permission` DISABLE KEYS */;
INSERT INTO `users_permission` (`idUserPermission`, `idUser`, `idPermission`) VALUES
	(1, 12, 1),
	(2, 12, 2);
/*!40000 ALTER TABLE `users_permission` ENABLE KEYS */;
/*!40101 SET SQL_MODE=IFNULL(@OLD_SQL_MODE, '') */;
/*!40014 SET FOREIGN_KEY_CHECKS=IF(@OLD_FOREIGN_KEY_CHECKS IS NULL, 1, @OLD_FOREIGN_KEY_CHECKS) */;
/*!40101 SET CHARACTER_SET_CLIENT=@OLD_CHARACTER_SET_CLIENT */;
